catalog_id,n_items,entropy,zipf_s,seed,phi_nominal,phi_effective,phi_capped,headroom,headroom_lo,headroom_hi,headroom_full,headroom_full_lo,headroom_full_hi,delta_vs_phi0,delta_lo,delta_hi,delta_dominant,winner_per_k,overtake_any,overtake_detail,gate_KS,gate_max_abs_dev,dHHI,dNormEntropy,inner_cells_used
phi_V100_EHIGH_z0.5_p0.25_s0,100,HIGH,0.5,0,0.25,0.25,False,-0.193233,-0.204691,-0.181900,-0.192365,-0.202035,-0.183171,0.001732,-0.018277,0.021062,false,0:pop_global;1:pop_global;2:pop_global;3:pop_global;5:pop_global;8:recency_pop_0.1,False,,0.005032,0.008211,-0.002349,0.001613,5
phi_V100_EHIGH_z0.5_p0.25_s1,100,HIGH,0.5,1,0.25,0.25,False,-0.225285,-0.237063,-0.213579,-0.229770,-0.240047,-0.219174,-0.001586,-0.021967,0.019692,false,0:active_elic2;1:pop_global;2:pop_global;3:pop_global;5:pop_global;8:pop_global,False,,0.004093,0.004885,-0.002265,0.000836,5
phi_V100_EHIGH_z0.5_p0.5_s0,100,HIGH,0.5,0,0.5,0.5,False,-0.191712,-0.202836,-0.180342,-0.190210,-0.199677,-0.180785,0.003888,-0.015919,0.023448,false,0:pop_global;1:pop_global;2:pop_global;3:pop_global;5:pop_global;8:recency_pop_0.5,False,,0.008211,0.012184,-0.007782,0.009175,5
phi_V100_EHIGH_z0.5_p0.5_s1,100,HIGH,0.5,1,0.5,0.5,False,-0.224646,-0.235824,-0.212855,-0.229693,-0.240443,-0.219344,-0.001509,-0.022363,0.019522,false,0:active_elic2;1:pop_category;2:pop_global;3:pop_global;5:pop_global;8:pop_global,False,,0.013467,0.017824,-0.015316,0.008823,5
phi_V100_EHIGH_z0.5_p0.5_s2,100,HIGH,0.5,2,0.5,0.5,False,-0.244215,-0.257538,-0.230909,-0.240044,-0.252070,-0.228571,,,,,0:pop_global;1:pop_global;2:pop_global;3:pop_global;5:pop_global;8:pop_global,False,,0.010258,0.007759,-0.007703,0.010372,5
phi_V100_EHIGH_z0.5_p0_s0,100,HIGH,0.5,0,0.0,0.0,False,-0.197107,-0.208096,-0.185651,-0.194098,-0.204233,-0.183758,,,,,0:pop_global;1:pop_global;2:pop_global;3:pop_global;5:pop_global;8:pop_global,False,,0.000000,0.000000,0.000000,0.000000,5
phi_V100_EHIGH_z0.5_p0_s1,100,HIGH,0.5,1,0.0,0.0,False,-0.225023,-0.237187,-0.213517,-0.228184,-0.238866,-0.218080,,,,,0:active_elic2;1:pop_global;2:pop_global;3:pop_global;5:pop_global;8:pop_global,False,,0.000000,0.000000,0.000000,0.000000,5
phi_V100_EHIGH_z0.5_p1_s0,100,HIGH,0.5,0,1.0,0.6944,True,-0.185528,-0.196908,-0.174178,-0.183386,-0.193714,-0.173507,0.010712,-0.009956,0.030726,false,0:pop_global;1:pop_global;2:pop_global;3:pop_global;5:pop_global;8:recency_pop_0.5,False,,0.013111,0.019997,-0.013959,0.018619,5
phi_V100_EHIGH_z0.5_p1_s1,100,HIGH,0.5,1,1.0,0.7984,True,-0.207452,-0.218592,-0.196321,-0.208814,-0.218665,-0.199467,0.019370,-0.000585,0.039400,false,0:active_elic2;1:pop_category;2:pop_global;3:pop_global;5:pop_global;8:pop_global,False,,0.021125,0.019937,0.001553,0.003376,5
phi_V100_EHIGH_z1.5_p0.25_s0,100,HIGH,1.5,0,0.25,0.25,False,-0.132289,-0.144030,-0.120544,-0.131601,-0.142565,-0.121234,0.004336,-0.017176,0.024617,false,0:pop_global;1:pop_global;2:lambda_hybrid_0.25;3:pop_global;5:pop_category;8:recency_pop_0.5,False,,0.003311,0.006092,0.000461,-0.003881,5
phi_V100_EHIGH_z1.5_p0.25_s1,100,HIGH,1.5,1,0.25,0.25,False,-0.125522,-0.136620,-0.114852,-0.123901,-0.133229,-0.114781,0.002621,-0.015684,0.021036,false,0:pop_global;1:pop_price;2:lambda_hybrid_0.25;3:lambda_hybrid_0.25;5:pop_global;8:recency_pop_0.1,False,,0.003961,0.002377,-0.000259,0.001030,5
phi_V100_EHIGH_z1.5_p0.5_s0,100,HIGH,1.5,0,0.5,0.5,False,-0.123123,-0.134658,-0.111509,-0.122404,-0.132366,-0.111973,0.013532,-0.006977,0.033877,false,0:pop_price;1:pop_global;2:pop_price;3:pop_global;5:pop_category;8:pop_price,False,,0.008211,0.005827,-0.000110,-0.003147,5
phi_V100_EHIGH_z1.5_p0.5_s1,100,HIGH,1.5,1,0.5,0.5,False,-0.123527,-0.134692,-0.112432,-0.124632,-0.134644,-0.115240,0.001890,-0.017099,0.020577,false,0:pop_global;1:pop_price;2:pop_global;3:pop_global;5:pop_global;8:recency_pop_0.1,False,,0.010034,0.004489,-0.000278,0.000722,5
phi_V100_EHIGH_z1.5_p0.5_s2,100,HIGH,1.5,2,0.5,0.5,False,-0.152884,-0.166407,-0.140478,-0.152772,-0.163329,-0.142852,,,,,0:pop_price;1:pop_price;2:pop_price;3:pop_global;5:pop_global;8:recency_pop_0.1,False,,0.008680,0.005260,-0.001315,0.006028,5
phi_V100_EHIGH_z1.5_p0_s0,100,HIGH,1.5,0,0.0,0.0,False,-0.136593,-0.148205,-0.125086,-0.135937,-0.145851,-0.125389,,,,,0:pop_global;1:pop_global;2:pop_global;3:pop_global;5:pop_category;8:recency_pop_0.1,False,,0.000000,0.000000,0.000000,0.000000,5
phi_V100_EHIGH_z1.5_p0_s1,100,HIGH,1.5,1,0.0,0.0,False,-0.132375,-0.144832,-0.120394,-0.126522,-0.135817,-0.117545,,,,,0:pop_global;1:pop_price;2:pop_global;3:pop_global;5:pop_global;8:recency_pop_0.1,False,,0.000000,0.000000,0.000000,0.000000,5
phi_V100_EHIGH_z1.5_p1_s0,100,HIGH,1.5,0,1.0,1.0,False,-0.101524,-0.113284,-0.090207,-0.100828,-0.110601,-0.090734,0.035109,0.014788,0.055116,true,0:pop_global;1:pop_global;2:lambda_hybrid_0.25;3:pop_global;5:pop_global;8:recency_pop_0.1,False,,0.015495,0.018541,-0.002957,0.005637,5
phi_V100_EHIGH_z1.5_p1_s1,100,HIGH,1.5,1,1.0,1.0,False,-0.093815,-0.104582,-0.083108,-0.095134,-0.104127,-0.085305,0.031388,0.013418,0.050512,true,0:pop_price;1:pop_price;2:lambda_hybrid_0.25;3:lambda_hybrid_0.25;5:lambda_hybrid_0.25;8:recency_pop_0.1,False,,0.029575,0.015844,-0.000753,0.002027,5
phi_V100_ELOW_z0.5_p0.25_s0,100,LOW,0.5,0,0.25,0.25,False,-0.192128,-0.204500,-0.180069,-0.193613,-0.203422,-0.183096,0.008237,-0.011883,0.028851,false,0:pop_global;1:pop_global;2:pop_global;3:pop_global;5:pop_global;8:pop_global,False,,0.006622,0.007284,-0.006420,0.008160,5
phi_V100_ELOW_z0.5_p0.25_s1,100,LOW,0.5,1,0.25,0.25,False,-0.197953,-0.208095,-0.186453,-0.197247,-0.207413,-0.187788,0.002151,-0.017952,0.022113,false,0:pop_global;1:pop_global;2:pop_global;3:pop_global;5:pop_global;8:pop_global,False,,0.005149,0.004357,-0.004963,0.003997,5
phi_V100_ELOW_z0.5_p0.5_s0,100,LOW,0.5,0,0.5,0.5,False,-0.189253,-0.200966,-0.177937,-0.193001,-0.203754,-0.182575,0.008849,-0.012215,0.029372,false,0:pop_global;1:pop_global;2:pop_global;3:pop_global;5:pop_global;8:recency_pop_0.5,False,,0.011124,0.018541,-0.016916,0.019447,5
phi_V100_ELOW_z0.5_p0.5_s1,100,LOW,0.5,1,0.5,0.5,False,-0.194383,-0.204667,-0.183112,-0.193810,-0.203703,-0.184543,0.005589,-0.014241,0.025358,false,0:pop_global;1:pop_global;2:pop_global;3:pop_global;5:pop_global;8:pop_global,False,,0.011355,0.019144,-0.019216,0.013989,5
phi_V100_ELOW_z0.5_p0.5_s2,100,LOW,0.5,2,0.5,0.5,False,-0.273507,-0.287067,-0.259907,-0.263421,-0.274839,-0.252728,,,,,0:pop_global;1:pop_global;2:pop_global;3:pop_global;5:pop_global;8:pop_category,False,,0.015913,0.012362,-0.011555,0.013498,5
phi_V100_ELOW_z0.5_p0_s0,100,LOW,0.5,0,0.0,0.0,False,-0.197914,-0.210208,-0.186161,-0.201850,-0.211947,-0.191539,,,,,0:pop_global;1:pop_global;2:pop_global;3:pop_global;5:pop_global;8:pop_global,False,,0.000000,0.000000,0.000000,0.000000,5
phi_V100_ELOW_z0.5_p0_s1,100,LOW,0.5,1,0.0,0.0,False,-0.202627,-0.214230,-0.190591,-0.199399,-0.209900,-0.189461,,,,,0:pop_global;1:pop_global;2:pop_global;3:pop_global;5:pop_global;8:pop_global,False,,0.000000,0.000000,0.000000,0.000000,5
phi_V100_ELOW_z0.5_p1_s0,100,LOW,0.5,0,1.0,0.5294,True,-0.188439,-0.200503,-0.176805,-0.191139,-0.201742,-0.181482,0.010712,-0.010202,0.030464,false,0:pop_global;1:pop_global;2:pop_global;3:pop_global;5:pop_global;8:pop_global,False,,0.012714,0.019997,-0.018053,0.018960,5
phi_V100_ELOW_z0.5_p1_s1,100,LOW,0.5,1,1.0,0.7521,True,-0.183292,-0.194144,-0.172954,-0.184249,-0.193810,-0.175107,0.015149,-0.004349,0.034794,false,0:pop_global;1:pop_global;2:pop_global;3:pop_global;5:pop_global;8:pop_global,False,,0.024426,0.019276,-0.019986,0.023491,5
phi_V100_ELOW_z1.5_p0.25_s0,100,LOW,1.5,0,0.25,0.25,False,-0.115706,-0.127173,-0.103951,-0.112286,-0.122944,-0.101513,0.003861,-0.016302,0.024427,false,0:active_elic2;1:pop_category;2:pop_category;3:lambda_hybrid_0.25;5:recency_pop_0.5;8:recency_pop_0.5,False,,0.003841,0.003178,0.000571,-0.003714,5
phi_V100_ELOW_z1.5_p0.25_s1,100,LOW,1.5,1,0.25,0.25,False,-0.124267,-0.135940,-0.113919,-0.128281,-0.138077,-0.118608,0.001013,-0.018465,0.020930,false,0:pop_price;1:lambda_hybrid_0.25;2:pop_global;3:lambda_hybrid_0.25;5:pop_category;8:recency_pop_0.1,False,,0.003301,0.003697,-0.000191,0.000762,5
phi_V100_ELOW_z1.5_p0.5_s0,100,LOW,1.5,0,0.5,0.5,False,-0.111865,-0.123706,-0.100966,-0.114285,-0.124311,-0.103986,0.001862,-0.017669,0.021954,false,0:active_elic2;1:pop_category;2:pop_category;3:lambda_hybrid_0.25;5:lambda_hybrid_0.25;8:pop_global,False,,0.004635,0.003443,-0.000505,0.001522,5
phi_V100_ELOW_z1.5_p0.5_s1,100,LOW,1.5,1,0.5,0.5,False,-0.121818,-0.132548,-0.111874,-0.122175,-0.132136,-0.113021,0.007119,-0.012524,0.026517,false,0:pop_category;1:pop_global;2:pop_global;3:pop_global;5:lambda_hybrid_0.25;8:recency_pop_0.1,False,,0.006205,0.005809,-0.001869,0.006364,5
phi_V100_ELOW_z1.5_p0.5_s2,100,LOW,1.5,2,0.5,0.5,False,-0.105663,-0.116946,-0.093735,-0.113154,-0.124015,-0.102869,,,,,0:pop_price;1:pop_global;2:pop_global;3:pop_global;5:pop_global;8:pop_category,False,,0.005655,0.004603,0.000109,-0.000692,5
phi_V100_ELOW_z1.5_p0_s0,100,LOW,1.5,0,0.0,0.0,False,-0.115126,-0.126471,-0.104049,-0.116147,-0.125941,-0.106643,,,,,0:active_elic2;1:pop_category;2:pop_category;3:lambda_hybrid_0.25;5:recency_pop_0.1;8:recency_pop_0.5,False,,0.000000,0.000000,0.000000,0.000000,5
phi_V100_ELOW_z1.5_p0_s1,100,LOW,1.5,1,0.0,0.0,False,-0.128465,-0.139700,-0.117503,-0.129294,-0.139538,-0.119612,,,,,0:pop_category;1:pop_category;2:pop_category;3:lambda_hybrid_0.25;5:pop_category;8:pop_category,False,,0.000000,0.000000,0.000000,0.000000,5
phi_V100_ELOW_z1.5_p1_s0,100,LOW,1.5,0,1.0,1.0,False,-0.081298,-0.092232,-0.071206,-0.085640,-0.095669,-0.076577,0.030507,0.010973,0.049364,true,0:active_elic2;1:pop_scaled_content;2:pop_scaled_content;3:lambda_hybrid_0.5;5:pop_global;8:recency_pop_0.5,False,,0.009800,0.007681,-0.001979,0.009511,5
phi_V100_ELOW_z1.5_p1_s1,100,LOW,1.5,1,1.0,1.0,False,-0.092686,-0.104144,-0.081634,-0.096207,-0.105318,-0.087527,0.033087,0.014294,0.052011,true,0:pop_category;1:pop_category;2:pop_category;3:lambda_hybrid_0.25;5:lambda_hybrid_0.25;8:recency_pop_0.1,False,,0.012147,0.012279,-0.003220,0.009743,5
phi_V20_EHIGH_z0.5_p0.25_s0,20,HIGH,0.5,0,0.25,0.25,False,-0.244463,-0.261110,-0.228639,-0.238104,-0.252730,-0.223917,0.003617,-0.025174,0.032478,false,0:pop_price;1:pop_global;2:pop_price;3:pop_global;5:pop_global;8:recency_pop_0.1,False,,0.006398,0.003971,0.000369,-0.001124,5
phi_V20_EHIGH_z0.5_p0.25_s1,20,HIGH,0.5,1,0.25,0.25,False,-0.185565,-0.200240,-0.170905,-0.181664,-0.195036,-0.167292,-0.003544,-0.030281,0.024240,false,0:pop_global;1:pop_global;2:pop_global;3:pop_global;5:pop_global;8:pop_global,False,,0.008073,0.005673,-0.007169,0.008678,5
phi_V20_EHIGH_z0.5_p0.5_s0,20,HIGH,0.5,0,0.5,0.5,False,-0.247798,-0.262896,-0.232380,-0.237942,-0.251344,-0.224349,0.003778,-0.023789,0.032046,false,0:pop_global;1:pop_price;2:pop_price;3:pop_price;5:pop_global;8:recency_pop_0.1,False,,0.011913,0.005515,-0.004992,0.006825,5
phi_V20_EHIGH_z0.5_p0.5_s1,20,HIGH,0.5,1,0.5,0.445,True,-0.184808,-0.198605,-0.169031,-0.179212,-0.192603,-0.165551,-0.001092,-0.027847,0.025982,false,0:pop_global;1:pop_global;2:pop_global;3:pop_global;5:pop_global;8:pop_global,False,,0.024220,0.016801,-0.019999,0.020622,5
phi_V20_EHIGH_z0.5_p0.5_s2,20,HIGH,0.5,2,0.5,0.4167,True,-0.168716,-0.183686,-0.154865,-0.171463,-0.185077,-0.159099,,,,,0:pop_category;1:pop_category;2:pop_price;3:pop_global;5:pop_global;8:recency_pop_0.1,False,,0.017715,0.016165,-0.019802,0.012590,5
phi_V20_EHIGH_z0.5_p0_s0,20,HIGH,0.5,0,0.0,0.0,False,-0.247496,-0.263847,-0.232135,-0.241721,-0.256395,-0.227555,,,,,0:pop_price;1:pop_price;2:pop_price;3:pop_global;5:pop_global;8:recency_pop_0.1,False,,0.000000,0.000000,0.000000,0.000000,5
phi_V20_EHIGH_z0.5_p0_s1,20,HIGH,0.5,1,0.0,0.0,False,-0.180788,-0.195724,-0.165497,-0.178120,-0.191533,-0.164755,,,,,0:pop_global;1:pop_global;2:pop_global;3:pop_global;5:pop_global;8:pop_global,False,,0.000000,0.000000,0.000000,0.000000,5
phi_V20_EHIGH_z0.5_p1_s0,20,HIGH,0.5,0,1.0,0.6011,True,-0.232605,-0.249410,-0.216359,-0.227386,-0.242605,-0.212855,0.014334,-0.015049,0.043540,false,0:pop_price;1:pop_global;2:pop_price;3:pop_global;5:pop_global;8:recency_pop_0.1,False,,0.016325,0.019854,-0.018694,0.026849,5
phi_V20_EHIGH_z0.5_p1_s1,20,HIGH,0.5,1,1.0,0.445,True,-0.184808,-0.198605,-0.169031,-0.179212,-0.192603,-0.165551,-0.001092,-0.027847,0.025982,false,0:pop_global;1:pop_global;2:pop_global;3:pop_global;5:pop_global;8:pop_global,False,,0.024220,0.016801,-0.019999,0.020622,5
phi_V20_EHIGH_z1.5_p0.25_s0,20,HIGH,1.5,0,0.25,0.25,False,-0.177832,-0.197834,-0.159351,-0.179554,-0.195436,-0.163355,0.009098,-0.022431,0.041026,false,0:pop_global;1:pop_global;2:pop_global;3:pop_global;5:pop_global;8:recency_pop_0.1,False,,0.007059,0.006839,-0.003833,0.004237,5
phi_V20_EHIGH_z1.5_p0.25_s1,20,HIGH,1.5,1,0.25,0.25,False,-0.088712,-0.102872,-0.074320,-0.087505,-0.100653,-0.074985,-0.001392,-0.028245,0.023880,false,0:pop_price;1:pop_price;2:pop_global;3:pop_global;5:lambda_hybrid_0.25;8:lambda_hybrid_0.25,False,,0.006764,0.004364,-0.000361,0.000077,5
phi_V20_EHIGH_z1.5_p0.5_s0,20,HIGH,1.5,0,0.5,0.5,False,-0.168896,-0.185636,-0.151405,-0.169070,-0.184557,-0.152809,0.019582,-0.011552,0.051572,false,0:pop_global;1:pop_global;2:pop_global;3:pop_global;5:pop_global;8:recency_pop_0.1,False,,0.011251,0.017207,-0.009119,0.011064,5
phi_V20_EHIGH_z1.5_p0.5_s1,20,HIGH,1.5,1,0.5,0.5,False,-0.094800,-0.108977,-0.080107,-0.094309,-0.107028,-0.080950,-0.008197,-0.034620,0.017914,false,0:pop_price;1:pop_price;2:pop_global;3:pop_global;5:pop_global;8:recency_pop_0.1,False,,0.015928,0.008728,-0.000856,0.003062,5
phi_V20_EHIGH_z1.5_p0.5_s2,20,HIGH,1.5,2,0.5,0.5,False,-0.151834,-0.169270,-0.134102,-0.155523,-0.170302,-0.139369,,,,,0:pop_global;1:pop_category;2:pop_category;3:pop_category;5:pop_price;8:pop_scaled_content,False,,0.010186,0.008857,0.004740,-0.012646,5
phi_V20_EHIGH_z1.5_p0_s0,20,HIGH,1.5,0,0.0,0.0,False,-0.184479,-0.203246,-0.165149,-0.188652,-0.204381,-0.173005,,,,,0:pop_global;1:pop_global;2:pop_global;3:pop_global;5:pop_global;8:recency_pop_0.1,False,,0.000000,0.000000,0.000000,0.000000,5
phi_V20_EHIGH_z1.5_p0_s1,20,HIGH,1.5,1,0.0,0.0,False,-0.087766,-0.102132,-0.073447,-0.086113,-0.098864,-0.072408,,,,,0:pop_price;1:pop_price;2:pop_global;3:pop_global;5:pop_global;8:recency_pop_0.5,False,,0.000000,0.000000,0.000000,0.000000,5
phi_V20_EHIGH_z1.5_p1_s0,20,HIGH,1.5,0,1.0,0.5104,True,-0.175324,-0.193786,-0.157396,-0.174065,-0.190060,-0.159331,0.014587,-0.017055,0.045050,false,0:pop_global;1:pop_global;2:pop_global;3:pop_global;5:pop_global;8:recency_pop_0.5,False,,0.019413,0.019854,-0.009960,0.011697,5
phi_V20_EHIGH_z1.5_p1_s1,20,HIGH,1.5,1,1.0,0.8163,True,-0.086097,-0.101335,-0.071058,-0.087136,-0.100691,-0.074600,-0.001023,-0.028283,0.024265,false,0:pop_price;1:pop_global;2:pop_global;3:pop_global;5:pop_price;8:pop_global,False,,0.027711,0.019856,-0.006555,0.015818,5
phi_V20_ELOW_z0.5_p0.25_s0,20,LOW,0.5,0,0.25,0.25,False,-0.148323,-0.160944,-0.136288,-0.148805,-0.160185,-0.135945,0.003609,-0.019740,0.028357,false,0:pop_global;1:pop_global;2:pop_global;3:pop_global;5:pop_category;8:pop_global,False,,0.004191,0.003971,-0.006503,0.008888,5
phi_V20_ELOW_z0.5_p0.25_s1,20,LOW,0.5,1,0.25,0.25,False,-0.195119,-0.210561,-0.179654,-0.192704,-0.205727,-0.179935,0.001955,-0.024784,0.027952,false,0:pop_global;1:pop_global;2:pop_global;3:pop_global;5:pop_global;8:recency_pop_1.0,False,,0.004364,0.003709,-0.004447,0.007513,5
phi_V20_ELOW_z0.5_p0.5_s0,20,LOW,0.5,0,0.5,0.3802,True,-0.150392,-0.163739,-0.138002,-0.148748,-0.160749,-0.136745,0.003666,-0.020304,0.027558,false,0:pop_global;1:pop_global;2:pop_global;3:pop_global;5:pop_category;8:pop_category,False,,0.007280,0.012795,-0.019678,0.019945,5
phi_V20_ELOW_z0.5_p0.5_s1,20,LOW,0.5,1,0.5,0.5,False,-0.182020,-0.196388,-0.167717,-0.179348,-0.192265,-0.167310,0.015311,-0.011322,0.040577,false,0:pop_global;1:pop_global;2:pop_global;3:pop_global;5:pop_global;8:pop_category,False,,0.013310,0.013310,-0.017683,0.024239,5
phi_V20_ELOW_z0.5_p0.5_s2,20,LOW,0.5,2,0.5,0.5,False,-0.197148,-0.213920,-0.181471,-0.197626,-0.211265,-0.183342,,,,,0:pop_global;1:pop_global;2:pop_global;3:pop_global;5:pop_global;8:pop_category,False,,0.008636,0.014393,-0.014714,0.013171,5
phi_V20_ELOW_z0.5_p0_s0,20,LOW,0.5,0,0.0,0.0,False,-0.151394,-0.163517,-0.139627,-0.152414,-0.164303,-0.140445,,,,,0:pop_global;1:pop_global;2:pop_category;3:pop_global;5:pop_global;8:pop_global,False,,0.000000,0.000000,0.000000,0.000000,5
phi_V20_ELOW_z0.5_p0_s1,20,LOW,0.5,1,0.0,0.0,False,-0.192947,-0.207216,-0.178690,-0.194658,-0.207887,-0.180943,,,,,0:pop_global;1:pop_global;2:pop_global;3:pop_global;5:pop_global;8:pop_scaled_content,False,,0.000000,0.000000,0.000000,0.000000,5
phi_V20_ELOW_z0.5_p1_s0,20,LOW,0.5,0,1.0,0.3802,True,-0.150392,-0.163739,-0.138002,-0.148748,-0.160749,-0.136745,0.003666,-0.020304,0.027558,false,0:pop_global;1:pop_global;2:pop_global;3:pop_global;5:pop_category;8:pop_category,False,,0.007280,0.012795,-0.019678,0.019945,5
phi_V20_ELOW_z0.5_p1_s1,20,LOW,0.5,1,1.0,0.431,True,-0.186723,-0.201829,-0.172115,-0.186835,-0.200361,-0.173906,0.007824,-0.019418,0.033981,false,0:pop_global;1:pop_global;2:pop_global;3:pop_global;5:pop_global;8:pop_global,False,,0.013746,0.014619,-0.019777,0.025235,5
phi_V20_ELOW_z1.5_p0.25_s0,20,LOW,1.5,0,0.25,0.25,False,-0.181436,-0.198796,-0.164682,-0.174991,-0.191321,-0.158722,0.007757,-0.024466,0.039559,false,0:pop_category;1:pop_global;2:pop_global;3:pop_global;5:pop_global;8:pop_global,False,,0.007280,0.007059,-0.004109,0.005968,5
phi_V20_ELOW_z1.5_p0.25_s1,20,LOW,1.5,1,0.25,0.25,False,-0.142214,-0.157863,-0.126025,-0.145474,-0.159362,-0.131197,0.006517,-0.022212,0.035902,false,0:pop_price;1:pop_category;2:pop_global;3:pop_price;5:pop_global;8:pop_global,False,,0.006764,0.006110,-0.001879,0.002827,5
phi_V20_ELOW_z1.5_p0.5_s0,20,LOW,1.5,0,0.5,0.5,False,-0.161636,-0.178575,-0.143394,-0.158853,-0.174439,-0.143084,0.023895,-0.007584,0.055197,false,0:pop_category;1:pop_category;2:pop_global;3:pop_global;5:pop_price;8:pop_price,False,,0.018310,0.019634,-0.010680,0.013042,5
phi_V20_ELOW_z1.5_p0.5_s1,20,LOW,1.5,1,0.5,0.5,False,-0.132466,-0.147872,-0.117520,-0.133781,-0.146786,-0.120026,0.018210,-0.009635,0.047074,false,0:pop_price;1:pop_category;2:pop_category;3:pop_global;5:pop_global;8:pop_global,False,,0.007855,0.010692,-0.003843,0.005641,5
phi_V20_ELOW_z1.5_p0.5_s2,20,LOW,1.5,2,0.5,0.5,False,-0.144985,-0.164093,-0.125870,-0.148045,-0.164855,-0.131888,,,,,0:pop_global;1:lambda_hybrid_0.25;2:pop_category;3:lambda_hybrid_0.25;5:pop_category;8:recency_pop_0.1,False,,0.010407,0.006422,-0.001217,0.004701,5
phi_V20_ELOW_z1.5_p0_s0,20,LOW,1.5,0,0.0,0.0,False,-0.189708,-0.207979,-0.171664,-0.182748,-0.198281,-0.166854,,,,,0:pop_category;1:pop_global;2:pop_global;3:pop_global;5:pop_global;8:pop_global,False,,0.000000,0.000000,0.000000,0.000000,5
phi_V20_ELOW_z1.5_p0_s1,20,LOW,1.5,1,0.0,0.0,False,-0.148868,-0.165505,-0.132415,-0.151991,-0.167100,-0.137150,,,,,0:pop_price;1:pop_price;2:pop_price;3:pop_price;5:pop_global;8:pop_category,False,,0.000000,0.000000,0.000000,0.000000,5
phi_V20_ELOW_z1.5_p1_s0,20,LOW,1.5,0,1.0,0.4345,True,-0.167376,-0.184810,-0.149900,-0.162977,-0.178644,-0.147676,0.019771,-0.011789,0.050604,false,0:pop_category;1:pop_global;2:pop_price;3:pop_price;5:pop_price;8:pop_price,False,,0.016987,0.019854,-0.010657,0.013325,5
phi_V20_ELOW_z1.5_p1_s1,20,LOW,1.5,1,1.0,0.7155,True,-0.116358,-0.133405,-0.101111,-0.121900,-0.137455,-0.107593,0.030091,-0.000304,0.059507,false,0:pop_price;1:pop_global;2:pop_category;3:pop_global;5:pop_global;8:recency_pop_0.1,False,,0.010692,0.019856,-0.008349,0.014701,5
phi_V500_EHIGH_z0.5_p0.25_s0,500,HIGH,0.5,0,0.25,0.25,False,-0.266491,-0.279879,-0.253946,-0.265683,-0.276385,-0.253984,0.000590,-0.021159,0.023496,false,0:pop_price;1:pop_price;2:pop_global;3:pop_global;5:pop_global;8:pop_global,False,,0.008920,0.007419,-0.006224,0.004678,5
phi_V500_EHIGH_z0.5_p0.25_s1,500,HIGH,0.5,1,0.25,0.25,False,-0.174592,-0.184754,-0.164913,-0.171905,-0.180989,-0.163235,0.005147,-0.013106,0.023367,false,0:pop_global;1:pop_global;2:pop_global;3:pop_global;5:pop_category;8:pop_category,False,,0.007277,0.004384,-0.006301,0.002994,5
phi_V500_EHIGH_z0.5_p0.5_s0,500,HIGH,0.5,0,0.5,0.5,False,-0.260060,-0.272155,-0.247822,-0.262312,-0.272902,-0.251333,0.003961,-0.017677,0.026147,false,0:pop_price;1:pop_price;2:pop_global;3:pop_global;5:pop_global;8:pop_global,False,,0.003798,0.005476,-0.001512,0.005911,5
phi_V500_EHIGH_z0.5_p0.5_s1,500,HIGH,0.5,1,0.5,0.5,False,-0.170925,-0.181071,-0.161260,-0.170141,-0.178923,-0.160879,0.006911,-0.011040,0.025723,false,0:pop_global;1:pop_global;2:pop_global;3:pop_global;5:pop_global;8:pop_scaled_content,False,,0.003244,0.002280,-0.003652,0.004658,5
phi_V500_EHIGH_z0.5_p0.5_s2,500,HIGH,0.5,2,0.5,0.4187,True,-0.241559,-0.252748,-0.229731,-0.241565,-0.251967,-0.230471,,,,,0:pop_global;1:pop_global;2:pop_global;3:pop_global;5:pop_global;8:pop_global,False,,0.020939,0.019975,-0.018029,0.007198,5
phi_V500_EHIGH_z0.5_p0_s0,500,HIGH,0.5,0,0.0,0.0,False,-0.265332,-0.277854,-0.253640,-0.266273,-0.277480,-0.255225,,,,,0:pop_price;1:pop_price;2:pop_global;3:pop_global;5:pop_global;8:pop_global,False,,0.000000,0.000000,0.000000,0.000000,5
phi_V500_EHIGH_z0.5_p0_s1,500,HIGH,0.5,1,0.0,0.0,False,-0.177505,-0.187757,-0.167767,-0.177052,-0.186602,-0.167883,,,,,0:pop_global;1:pop_global;2:pop_global;3:pop_global;5:pop_global;8:recency_pop_0.1,False,,0.000000,0.000000,0.000000,0.000000,5
phi_V500_EHIGH_z0.5_p1_s0,500,HIGH,0.5,0,1.0,0.9711,True,-0.252350,-0.265148,-0.240486,-0.254646,-0.265524,-0.243973,0.011627,-0.010299,0.033507,false,0:pop_price;1:pop_price;2:pop_global;3:pop_global;5:pop_global;8:pop_global,False,,0.010421,0.019959,-0.008064,0.017749,5
phi_V500_EHIGH_z0.5_p1_s1,500,HIGH,0.5,1,1.0,0.9418,True,-0.170572,-0.180893,-0.160860,-0.168193,-0.177296,-0.159263,0.008859,-0.009413,0.027338,false,0:pop_global;1:pop_global;2:pop_global;3:pop_global;5:pop_global;8:pop_scaled_content,False,,0.013852,0.013063,-0.019936,0.016372,5
phi_V500_EHIGH_z1.5_p0.25_s0,500,HIGH,1.5,0,0.25,0.25,False,-0.076854,-0.086049,-0.068492,-0.093879,-0.101863,-0.086296,0.000576,-0.015304,0.016052,false,0:pop_price;1:pop_price;2:pop_price;3:pop_price;5:lambda_hybrid_0.5;8:recency_pop_0.1,False,,0.002914,0.001855,-0.000127,0.003014,5
phi_V500_EHIGH_z1.5_p0.25_s1,500,HIGH,1.5,1,0.25,0.25,False,-0.099098,-0.108938,-0.089520,-0.115617,-0.124300,-0.106913,0.006959,-0.010651,0.024850,false,0:pop_global;1:pop_global;2:pop_global;3:pop_global;5:pop_price;8:recency_pop_0.1,False,,0.002981,0.002893,0.000016,0.000366,5
phi_V500_EHIGH_z1.5_p0.5_s0,500,HIGH,1.5,0,0.5,0.5,False,-0.076250,-0.085604,-0.067679,-0.090275,-0.098198,-0.082716,0.004179,-0.011638,0.019633,false,0:pop_global;1:pop_global;2:pop_global;3:lambda_hybrid_0.25;5:lambda_hybrid_0.25;8:recency_pop_0.1,False,,0.003621,0.002385,-0.000136,0.001834,5
phi_V500_EHIGH_z1.5_p0.5_s1,500,HIGH,1.5,1,0.5,0.5,False,-0.099229,-0.109104,-0.089389,-0.116287,-0.125635,-0.107519,0.006289,-0.011985,0.024244,false,0:pop_global;1:pop_global;2:pop_global;3:pop_global;5:lambda_hybrid_0.25;8:recency_pop_0.1,False,,0.005348,0.002981,0.000161,0.001510,5
phi_V500_EHIGH_z1.5_p0.5_s2,500,HIGH,1.5,2,0.5,0.5,False,-0.063914,-0.071778,-0.055783,-0.071383,-0.078589,-0.064409,,,,,0:pop_category;1:pop_price;2:pop_price;3:pop_price;5:recency_pop_0.5;8:recency_pop_0.1,False,,0.004556,0.002979,-0.000110,0.001668,5
phi_V500_EHIGH_z1.5_p0_s0,500,HIGH,1.5,0,0.0,0.0,False,-0.076412,-0.085341,-0.068341,-0.094455,-0.102348,-0.086559,,,,,0:pop_global;1:pop_global;2:pop_global;3:pop_global;5:pop_global;8:recency_pop_0.1,False,,0.000000,0.000000,0.000000,0.000000,5
phi_V500_EHIGH_z1.5_p0_s1,500,HIGH,1.5,1,0.0,0.0,False,-0.106051,-0.115855,-0.096698,-0.122576,-0.131764,-0.113650,,,,,0:pop_global;1:pop_global;2:pop_global;3:pop_global;5:lambda_hybrid_0.25;8:recency_pop_0.1,False,,0.000000,0.000000,0.000000,0.000000,5
phi_V500_EHIGH_z1.5_p1_s0,500,HIGH,1.5,0,1.0,1.0,False,-0.067238,-0.076028,-0.058447,-0.074260,-0.081704,-0.067057,0.020195,0.004855,0.035291,true,0:pop_global;1:pop_scaled_content;2:pop_global;3:lambda_hybrid_0.5;5:lambda_hybrid_0.25;8:recency_pop_0.1,False,,0.008832,0.005829,-0.000562,0.005796,5
phi_V500_EHIGH_z1.5_p1_s1,500,HIGH,1.5,1,1.0,1.0,False,-0.089983,-0.099694,-0.080827,-0.098121,-0.106260,-0.089395,0.024455,0.007390,0.042369,true,0:pop_price;1:pop_global;2:lambda_hybrid_0.25;3:pop_global;5:pop_category;8:recency_pop_0.1,False,,0.012099,0.004208,-0.000119,0.001448,5
phi_V500_ELOW_z0.5_p0.25_s0,500,LOW,0.5,0,0.25,0.25,False,-0.227360,-0.239164,-0.214129,-0.226961,-0.237483,-0.215977,-0.001848,-0.023193,0.019707,false,0:pop_global;1:pop_category;2:pop_category;3:pop_category;5:pop_scaled_content;8:pop_price,False,,0.003886,0.004063,-0.002990,0.001922,5
phi_V500_ELOW_z0.5_p0.25_s1,500,LOW,0.5,1,0.25,0.25,False,-0.178390,-0.188506,-0.168105,-0.175572,-0.184393,-0.166621,-0.001169,-0.018819,0.017444,false,0:pop_global;1:pop_global;2:pop_global;3:pop_global;5:pop_global;8:pop_global,False,,0.005699,0.008241,-0.010513,0.003687,5
phi_V500_ELOW_z0.5_p0.5_s0,500,LOW,0.5,0,0.5,0.5,False,-0.217483,-0.229109,-0.205077,-0.217825,-0.228234,-0.208185,0.007288,-0.013944,0.027499,false,0:pop_global;1:pop_global;2:pop_global;3:pop_scaled_content;5:pop_scaled_content;8:pop_scaled_content,False,,0.007860,0.015102,-0.013857,0.008987,5
phi_V500_ELOW_z0.5_p0.5_s1,500,LOW,0.5,1,0.5,0.3713,True,-0.182784,-0.193356,-0.171388,-0.180247,-0.188959,-0.171465,-0.005844,-0.023386,0.012600,false,0:pop_global;1:pop_global;2:pop_global;3:pop_global;5:pop_global;8:pop_global,False,,0.010784,0.014466,-0.019958,0.011455,5
phi_V500_ELOW_z0.5_p0.5_s2,500,LOW,0.5,2,0.5,0.5,False,-0.256049,-0.268866,-0.243393,-0.256988,-0.266976,-0.246149,,,,,0:pop_global;1:pop_global;2:pop_global;3:pop_global;5:pop_global;8:pop_global,False,,0.016471,0.012704,-0.009508,0.008576,5
phi_V500_ELOW_z0.5_p0_s0,500,LOW,0.5,0,0.0,0.0,False,-0.225577,-0.237579,-0.213454,-0.225113,-0.235684,-0.214290,,,,,0:pop_global;1:pop_global;2:pop_global;3:pop_scaled_content;5:pop_scaled_content;8:pop_global,False,,0.000000,0.000000,0.000000,0.000000,5
phi_V500_ELOW_z0.5_p0_s1,500,LOW,0.5,1,0.0,0.0,False,-0.176841,-0.187449,-0.166311,-0.174403,-0.184065,-0.165574,,,,,0:pop_global;1:pop_global;2:pop_category;3:pop_category;5:pop_global;8:pop_global,False,,0.000000,0.000000,0.000000,0.000000,5
phi_V500_ELOW_z0.5_p1_s0,500,LOW,0.5,0,1.0,0.5783,True,-0.225538,-0.238287,-0.212495,-0.224895,-0.235703,-0.214393,0.000218,-0.021413,0.021291,false,0:pop_global;1:pop_global;2:pop_global;3:pop_global;5:pop_scaled_content;8:pop_price,False,,0.013336,0.018458,-0.019967,0.014668,5
phi_V500_ELOW_z0.5_p1_s1,500,LOW,0.5,1,1.0,0.3713,True,-0.182784,-0.193356,-0.171388,-0.180247,-0.188959,-0.171465,-0.005844,-0.023386,0.012600,false,0:pop_global;1:pop_global;2:pop_global;3:pop_global;5:pop_global;8:pop_global,False,,0.010784,0.014466,-0.019958,0.011455,5
phi_V500_ELOW_z1.5_p0.25_s0,500,LOW,1.5,0,0.25,0.25,False,-0.122342,-0.132993,-0.111968,-0.127115,-0.136978,-0.117511,0.000489,-0.018310,0.019866,false,0:pop_price;1:pop_global;2:pop_global;3:pop_global;5:pop_scaled_content;8:pop_category,False,,0.002914,0.002738,-0.000660,0.003043,5
phi_V500_ELOW_z1.5_p0.25_s1,500,LOW,1.5,1,0.25,0.25,False,-0.116530,-0.126972,-0.107186,-0.123583,-0.132163,-0.115262,-0.003095,-0.020710,0.014129,false,0:pop_global;1:pop_global;2:pop_global;3:lambda_hybrid_0.25;5:lambda_hybrid_0.25;8:recency_pop_0.1,False,,0.002455,0.002104,-0.000009,-0.001145,5
phi_V500_ELOW_z1.5_p0.5_s0,500,LOW,1.5,0,0.5,0.5,False,-0.127192,-0.138219,-0.116477,-0.127884,-0.137713,-0.118842,-0.000281,-0.019045,0.018535,false,0:pop_global;1:pop_global;2:pop_global;3:pop_global;5:pop_price;8:pop_scaled_content,False,,0.005299,0.006800,-0.001735,0.003406,5
phi_V500_ELOW_z1.5_p0.5_s1,500,LOW,1.5,1,0.5,0.5,False,-0.112761,-0.122743,-0.103627,-0.114642,-0.123050,-0.106388,0.005846,-0.011597,0.023003,false,0:pop_global;1:pop_price;2:pop_scaled_content;3:pop_global;5:lambda_hybrid_0.25;8:recency_pop_0.1,False,,0.004208,0.004471,-0.000163,0.000901,5
phi_V500_ELOW_z1.5_p0.5_s2,500,LOW,1.5,2,0.5,0.5,False,-0.074403,-0.083834,-0.065328,-0.077588,-0.084692,-0.070255,,,,,0:active_elic2;1:pop_scaled_content;2:pop_scaled_content;3:lambda_hybrid_0.5;5:lambda_hybrid_0.5;8:recency_pop_0.1,False,,0.005520,0.003329,0.000130,-0.001641,5
phi_V500_ELOW_z1.5_p0_s0,500,LOW,1.5,0,0.0,0.0,False,-0.126100,-0.137146,-0.115640,-0.127604,-0.137377,-0.118669,,,,,0:pop_global;1:pop_global;2:lambda_hybrid_0.25;3:pop_category;5:pop_scaled_content;8:pop_scaled_content,False,,0.000000,0.000000,0.000000,0.000000,5
phi_V500_ELOW_z1.5_p0_s1,500,LOW,1.5,1,0.0,0.0,False,-0.117525,-0.127936,-0.108145,-0.120488,-0.129392,-0.111452,,,,,0:pop_category;1:pop_category;2:lambda_hybrid_0.25;3:pop_category;5:lambda_hybrid_0.25;8:recency_pop_0.1,False,,0.000000,0.000000,0.000000,0.000000,5
phi_V500_ELOW_z1.5_p1_s0,500,LOW,1.5,0,1.0,1.0,False,-0.108552,-0.119102,-0.098181,-0.111517,-0.120787,-0.102098,0.016087,-0.002118,0.035280,false,0:pop_price;1:pop_price;2:lambda_hybrid_0.25;3:pop_scaled_content;5:lambda_hybrid_0.25;8:lambda_hybrid_0.25,False,,0.015632,0.015809,-0.003907,0.010929,5
phi_V500_ELOW_z1.5_p1_s1,500,LOW,1.5,1,1.0,1.0,False,-0.097420,-0.107239,-0.087687,-0.100602,-0.108797,-0.092657,0.019886,0.002656,0.036735,true,0:pop_price;1:lambda_hybrid_0.25;2:lambda_hybrid_0.25;3:lambda_hybrid_0.25;5:lambda_hybrid_0.25;8:recency_pop_0.1,False,,0.007277,0.004208,-0.000978,0.006677,5
