catalog_id,n_items,entropy,zipf_s,phi_nominal,phi_effective,phi_capped,seed,tighten_used,gate_KS,gate_max_abs_dev,dHHI,dNormEntropy,gate_pass
phi_V20_ELOW_z0.5_p0_s0,20,LOW,0.5,0.0,0.0,False,0,0,0.0,0.0,0.0,0.0,True
phi_V20_ELOW_z0.5_p0_s1,20,LOW,0.5,0.0,0.0,False,1,0,0.0,0.0,0.0,0.0,True
phi_V20_ELOW_z0.5_p0.25_s0,20,LOW,0.5,0.25,0.25,False,0,0,0.004191484667990283,0.00397088021178027,-0.006503086491400745,0.008888096028146275,True
phi_V20_ELOW_z0.5_p0.25_s1,20,LOW,0.5,0.25,0.25,False,1,0,0.004363953742090337,0.003709360680776791,-0.00444698598435761,0.007512879689122343,True
phi_V20_ELOW_z0.5_p0.5_s0,20,LOW,0.5,0.5,0.38018798828125,True,0,1,0.007279947054930486,0.012795058460180808,-0.019677839627811444,0.019944741580370073,True
phi_V20_ELOW_z0.5_p0.5_s1,20,LOW,0.5,0.5,0.5,False,1,0,0.0133100589133755,0.013310058913375528,-0.01768301098906022,0.02423900121553141,True
phi_V20_ELOW_z0.5_p1_s0,20,LOW,0.5,1.0,0.38018798828125,True,0,1,0.007279947054930486,0.012795058460180808,-0.019677839627811444,0.019944741580370073,True
phi_V20_ELOW_z0.5_p1_s1,20,LOW,0.5,1.0,0.43096923828125,True,1,1,0.013746454287584559,0.014619245036002648,-0.01977652805154334,0.025234590174056326,True
phi_V20_ELOW_z1.5_p0_s0,20,LOW,1.5,0.0,0.0,False,0,0,0.0,0.0,0.0,0.0,True
phi_V20_ELOW_z1.5_p0_s1,20,LOW,1.5,0.0,0.0,False,1,0,0.0,0.0,0.0,0.0,True
phi_V20_ELOW_z1.5_p0.25_s0,20,LOW,1.5,0.25,0.25,False,0,0,0.007279947054930458,0.007059342598720486,-0.004108995245251268,0.00596764301414654,True
phi_V20_ELOW_z1.5_p0.25_s1,20,LOW,1.5,0.25,0.25,False,1,0,0.006764128300240035,0.006109535238926461,-0.0018786044812939273,0.002826956890599308,True
phi_V20_ELOW_z1.5_p0.5_s0,20,LOW,1.5,0.5,0.5,False,0,0,0.018310169865431214,0.019633796602691378,-0.010680311925843816,0.013041709564559523,True
phi_V20_ELOW_z1.5_p0.5_s1,20,LOW,1.5,0.5,0.5,False,1,0,0.007855116735762668,0.010691686668121314,-0.003842621716387856,0.005640920397466553,True
phi_V20_ELOW_z1.5_p1_s0,20,LOW,1.5,1.0,0.43450927734375,True,0,1,0.016986543128171105,0.01985440105890135,-0.010657146754620317,0.013325427302767201,True
phi_V20_ELOW_z1.5_p1_s1,20,LOW,1.5,1.0,0.71551513671875,True,1,1,0.01069168666812137,0.01985598952651102,-0.008348739607222253,0.014700534530827869,True
phi_V20_EHIGH_z0.5_p0_s0,20,HIGH,0.5,0.0,0.0,False,0,0,0.0,0.0,0.0,0.0,True
phi_V20_EHIGH_z0.5_p0_s1,20,HIGH,0.5,0.0,0.0,False,1,0,0.0,0.0,0.0,0.0,True
phi_V20_EHIGH_z0.5_p0.25_s0,20,HIGH,0.5,0.25,0.25,False,0,0,0.006397529230090515,0.003970880211780277,0.00036928008244463406,-0.00112367474745656,True
phi_V20_EHIGH_z0.5_p0.25_s1,20,HIGH,0.5,0.25,0.25,False,1,0,0.0080733144228671,0.0056731398647175135,-0.007169243752907006,0.008677624700103581,True
phi_V20_EHIGH_z0.5_p0.5_s0,20,HIGH,0.5,0.5,0.5,False,0,0,0.01191264063534081,0.005515111405250385,-0.00499209439865661,0.00682516813259848,True
phi_V20_EHIGH_z0.5_p0.5_s1,20,HIGH,0.5,0.5,0.44500732421875,True,1,1,0.024219943268601357,0.016801221907047803,-0.019999248710560136,0.0206219488922465,True
phi_V20_EHIGH_z0.5_p1_s0,20,HIGH,0.5,1.0,0.60113525390625,True,0,1,0.016324729759541134,0.019854401058901405,-0.018693611848770886,0.026848663102667314,True
phi_V20_EHIGH_z0.5_p1_s1,20,HIGH,0.5,1.0,0.44500732421875,True,1,1,0.024219943268601357,0.016801221907047803,-0.019999248710560136,0.0206219488922465,True
phi_V20_EHIGH_z1.5_p0_s0,20,HIGH,1.5,0.0,0.0,False,0,0,0.0,0.0,0.0,0.0,True
phi_V20_EHIGH_z1.5_p0_s1,20,HIGH,1.5,0.0,0.0,False,1,0,0.0,0.0,0.0,0.0,True
phi_V20_EHIGH_z1.5_p0.25_s0,20,HIGH,1.5,0.25,0.25,False,0,0,0.007059342598720431,0.006838738142510459,-0.0038334465068746715,0.004237255390989958,True
phi_V20_EHIGH_z1.5_p0.25_s1,20,HIGH,1.5,0.25,0.25,False,1,0,0.0067641283002401464,0.004363953742090334,-0.0003608855483858142,7.722567538748226e-05,True
phi_V20_EHIGH_z1.5_p0.5_s0,20,HIGH,1.5,0.5,0.5,False,0,0,0.011250827266710728,0.01720714758438119,-0.009119096184564857,0.011063994393501475,True
phi_V20_EHIGH_z1.5_p0.5_s1,20,HIGH,1.5,0.5,0.5,False,1,0,0.01592843115862974,0.008727907484180664,-0.000855936726765219,0.0030619237912719033,True
phi_V20_EHIGH_z1.5_p1_s0,20,HIGH,1.5,1.0,0.51043701171875,True,0,1,0.019413192146481406,0.019854401058901405,-0.00995995296691582,0.011697332622050305,True
phi_V20_EHIGH_z1.5_p1_s1,20,HIGH,1.5,1.0,0.81634521484375,True,1,1,0.027711106262273688,0.019855989526511016,-0.006554500454653889,0.01581809239743659,True
phi_V100_ELOW_z0.5_p0_s0,100,LOW,0.5,0.0,0.0,False,0,0,0.0,0.0,0.0,0.0,True
phi_V100_ELOW_z0.5_p0_s1,100,LOW,0.5,0.0,0.0,False,1,0,0.0,0.0,0.0,0.0,True
phi_V100_ELOW_z0.5_p0.25_s0,100,LOW,0.5,0.25,0.25,False,0,0,0.0066216395179447,0.007283803469739114,-0.006419736951051247,0.008159944587187606,True
phi_V100_ELOW_z0.5_p0.25_s1,100,LOW,0.5,0.25,0.25,False,1,0,0.005149194613150249,0.004357010826511742,-0.004963054782287535,0.003997264029330483,True
phi_V100_ELOW_z0.5_p0.5_s0,100,LOW,0.5,0.5,0.5,False,0,1,0.011124354390147084,0.018540590650245048,-0.016915794124694933,0.019446817643433756,True
phi_V100_ELOW_z0.5_p0.5_s1,100,LOW,0.5,0.5,0.5,False,1,0,0.011354634275151862,0.019144441510430377,-0.019216296575312986,0.013988973877186284,True
phi_V100_ELOW_z0.5_p1_s0,100,LOW,0.5,1.0,0.52935791015625,True,0,1,0.012713547874453779,0.019997351344192837,-0.018052811446767042,0.018960323100643328,True
phi_V100_ELOW_z0.5_p1_s1,100,LOW,0.5,1.0,0.75213623046875,True,1,1,0.02442566675468713,0.019276472141536827,-0.01998620215406216,0.023491403459262594,True
phi_V100_ELOW_z1.5_p0_s0,100,LOW,1.5,0.0,0.0,False,0,0,0.0,0.0,0.0,0.0,True
phi_V100_ELOW_z1.5_p0_s1,100,LOW,1.5,0.0,0.0,False,1,0,0.0,0.0,0.0,0.0,True
phi_V100_ELOW_z1.5_p0.25_s0,100,LOW,1.5,0.25,0.25,False,0,0,0.0038405509204078037,0.003178386968613429,0.000571472658065713,-0.003713849301266503,True
phi_V100_ELOW_z1.5_p0.25_s1,100,LOW,1.5,0.25,0.25,False,1,0,0.003300765777660447,0.0036968576709796655,-0.00019126486460253195,0.0007615237619748028,True
phi_V100_ELOW_z1.5_p0.5_s0,100,LOW,1.5,0.5,0.5,False,0,0,0.00463514766256129,0.003443252549331215,-0.0005052474936642799,0.001521986685149579,True
phi_V100_ELOW_z1.5_p0.5_s1,100,LOW,1.5,0.5,0.5,False,1,0,0.006205439662001377,0.005809347768682336,-0.0018693473405502654,0.006364081205942895,True
phi_V100_ELOW_z1.5_p1_s0,100,LOW,1.5,1.0,1.0,False,0,0,0.009800026486557978,0.007681101840815784,-0.001979458939354528,0.00951114598610614,True
phi_V100_ELOW_z1.5_p1_s1,100,LOW,1.5,1.0,1.0,False,1,0,0.01214681806179052,0.012278848692896749,-0.0032198111630765483,0.009742676570381192,True
phi_V100_EHIGH_z0.5_p0_s0,100,HIGH,0.5,0.0,0.0,False,0,0,0.0,0.0,0.0,0.0,True
phi_V100_EHIGH_z0.5_p0_s1,100,HIGH,0.5,0.0,0.0,False,1,0,0.0,0.0,0.0,0.0,True
phi_V100_EHIGH_z0.5_p0.25_s0,100,HIGH,0.5,0.25,0.25,False,0,0,0.005032446033638005,0.008210833002251394,-0.0023487834923114903,0.0016127088545387358,True
phi_V100_EHIGH_z0.5_p0.25_s1,100,HIGH,0.5,0.25,0.25,False,1,0,0.004092949564298842,0.004885133350937418,-0.0022646722220173165,0.0008361204663498434,True
phi_V100_EHIGH_z0.5_p0.5_s0,100,HIGH,0.5,0.5,0.5,False,0,0,0.008210833002251339,0.012183816713018158,-0.007781982970486601,0.00917520665207966,True
phi_V100_EHIGH_z0.5_p0.5_s1,100,HIGH,0.5,0.5,0.5,False,1,0,0.013467124372854355,0.01782413519936621,-0.015315622936694584,0.008822778808977971,True
phi_V100_EHIGH_z0.5_p1_s0,100,HIGH,0.5,1.0,0.69439697265625,True,0,1,0.013110846245530383,0.019997351344192837,-0.0139593386259797,0.01861942854874682,True
phi_V100_EHIGH_z0.5_p1_s1,100,HIGH,0.5,1.0,0.798370361328125,True,1,1,0.021124900977026684,0.01993662529706894,0.0015525017172348665,0.003376425461078969,True
phi_V100_EHIGH_z1.5_p0_s0,100,HIGH,1.5,0.0,0.0,False,0,0,0.0,0.0,0.0,0.0,True
phi_V100_EHIGH_z1.5_p0_s1,100,HIGH,1.5,0.0,0.0,False,1,0,0.0,0.0,0.0,0.0,True
phi_V100_EHIGH_z1.5_p0.25_s0,100,HIGH,1.5,0.25,0.25,False,0,0,0.0033108197589725163,0.006091908356509079,0.0004614364606465998,-0.0038814497378060198,True
phi_V100_EHIGH_z1.5_p0.25_s1,100,HIGH,1.5,0.25,0.25,False,1,0,0.003960918933192392,0.0023765513599155004,-0.00025858758672202276,0.0010298766313164842,True
phi_V100_EHIGH_z1.5_p0.5_s0,100,HIGH,1.5,0.5,0.5,False,0,0,0.00821083300225156,0.005827042775791297,-0.00011035188941042537,-0.0031472882683518666,True
phi_V100_EHIGH_z1.5_p0.5_s1,100,HIGH,1.5,0.5,0.5,False,1,0,0.010034327964087708,0.004489041457618172,-0.00027762342632702,0.0007219899564556709,True
phi_V100_EHIGH_z1.5_p1_s0,100,HIGH,1.5,1.0,1.0,False,0,0,0.015494636471990564,0.018540590650244992,-0.002956911498258233,0.005636740446968713,True
phi_V100_EHIGH_z1.5_p1_s1,100,HIGH,1.5,1.0,1.0,False,1,0,0.029574861367837213,0.015843675732770006,-0.0007534845522767022,0.002027067925603032,True
phi_V500_ELOW_z0.5_p0_s0,500,LOW,0.5,0.0,0.0,False,0,0,0.0,0.0,0.0,0.0,True
phi_V500_ELOW_z0.5_p0_s1,500,LOW,0.5,0.0,0.0,False,1,0,0.0,0.0,0.0,0.0,True
phi_V500_ELOW_z0.5_p0.25_s0,500,LOW,0.5,0.25,0.25,False,0,0,0.0038858959639671564,0.0040625275986929665,-0.0029897123187321295,0.0019217907013120428,True
phi_V500_ELOW_z0.5_p0.25_s1,500,LOW,0.5,0.25,0.25,False,1,0,0.005698755041206538,0.00824127652112916,-0.010512707626494366,0.0036867040454060807,True
phi_V500_ELOW_z0.5_p0.5_s0,500,LOW,0.5,0.5,0.5,False,0,0,0.007860107745297204,0.015102004769054211,-0.013856917877498043,0.008986746197018003,True
phi_V500_ELOW_z0.5_p0.5_s1,500,LOW,0.5,0.5,0.37127685546875,True,1,1,0.010783798001052225,0.01446607048921622,-0.019957948862030728,0.011454682933648097,True
phi_V500_ELOW_z0.5_p1_s0,500,LOW,0.5,1.0,0.578277587890625,True,0,1,0.01333568842179636,0.018458005828843993,-0.019966566032289024,0.0146679072902558,True
phi_V500_ELOW_z0.5_p1_s1,500,LOW,0.5,1.0,0.37127685546875,True,1,1,0.010783798001052225,0.01446607048921622,-0.019957948862030728,0.011454682933648097,True
phi_V500_ELOW_z1.5_p0_s0,500,LOW,1.5,0.0,0.0,False,0,0,0.0,0.0,0.0,0.0,True
phi_V500_ELOW_z1.5_p0_s1,500,LOW,1.5,0.0,0.0,False,1,0,0.0,0.0,0.0,0.0,True
phi_V500_ELOW_z1.5_p0.25_s0,500,LOW,1.5,0.25,0.25,False,0,0,0.002914421972975423,0.002737790338249578,-0.0006598844309961896,0.0030432618194510264,True
phi_V500_ELOW_z1.5_p0.25_s1,500,LOW,1.5,0.25,0.25,False,1,0,0.002454848325442738,0.0021041557075223566,-8.793449826866723e-06,-0.0011449691247573668,True
phi_V500_ELOW_z1.5_p0.5_s0,500,LOW,1.5,0.5,0.5,False,0,0,0.005298949041773193,0.00680031793694251,-0.0017346496318560965,0.003406346577339292,True
phi_V500_ELOW_z1.5_p0.5_s1,500,LOW,1.5,0.5,0.5,False,1,0,0.004208311415044963,0.0044713308784850095,-0.00016304777773381088,0.0009013858590463109,True
phi_V500_ELOW_z1.5_p1_s0,500,LOW,1.5,1.0,1.0,False,0,0,0.015631899673229976,0.015808531307957258,-0.003907157901451134,0.010928639953690311,True
phi_V500_ELOW_z1.5_p1_s1,500,LOW,1.5,1.0,1.0,False,1,0,0.0072768718218474415,0.004208311415044713,-0.0009783481590589938,0.006676705171506425,True
phi_V500_EHIGH_z0.5_p0_s0,500,HIGH,0.5,0.0,0.0,False,0,0,0.0,0.0,0.0,0.0,True
phi_V500_EHIGH_z0.5_p0_s1,500,HIGH,0.5,0.0,0.0,False,1,0,0.0,0.0,0.0,0.0,True
phi_V500_EHIGH_z0.5_p0.25_s0,500,HIGH,0.5,0.25,0.25,False,0,0,0.008919897553651746,0.007418528658482804,-0.006224334702393752,0.004677865910782508,True
phi_V500_EHIGH_z0.5_p0.25_s1,500,HIGH,0.5,0.25,0.25,False,1,0,0.007276871821848191,0.004383657724004841,-0.006300583666769444,0.0029941635185234128,True
phi_V500_EHIGH_z0.5_p0.5_s0,500,HIGH,0.5,0.5,0.5,False,0,1,0.0037975801466042514,0.00547558067649917,-0.0015120778607470853,0.005911463832917907,True
phi_V500_EHIGH_z0.5_p0.5_s1,500,HIGH,0.5,0.5,0.5,False,1,1,0.0032439067157636614,0.0022795020164825264,-0.00365186436970677,0.00465761493532324,True
phi_V500_EHIGH_z0.5_p1_s0,500,HIGH,0.5,1.0,0.97113037109375,True,0,1,0.010421266448820798,0.019959374724013074,-0.008064077271028758,0.017749335783253217,True
phi_V500_EHIGH_z0.5_p1_s1,500,HIGH,0.5,1.0,0.941802978515625,True,1,1,0.013852358407855425,0.01306330001753464,-0.01993645717871262,0.016371736007959853,True
phi_V500_EHIGH_z1.5_p0_s0,500,HIGH,1.5,0.0,0.0,False,0,0,0.0,0.0,0.0,0.0,True
phi_V500_EHIGH_z1.5_p0_s1,500,HIGH,1.5,0.0,0.0,False,1,0,0.0,0.0,0.0,0.0,True
phi_V500_EHIGH_z1.5_p0.25_s0,500,HIGH,1.5,0.25,0.25,False,0,0,0.002914421972975867,0.0018546321646206836,-0.00012688525274745857,0.003013899525451502,True
phi_V500_EHIGH_z1.5_p0.25_s1,500,HIGH,1.5,0.25,0.25,False,1,0,0.0029808872523233165,0.0028932140978432386,1.6034210086399506e-05,0.0003660775350450285,True
phi_V500_EHIGH_z1.5_p0.5_s0,500,HIGH,1.5,0.5,0.5,False,0,0,0.0036209485118783857,0.002384527068798022,-0.00013577689204744177,0.0018342278721450445,True
phi_V500_EHIGH_z1.5_p0.5_s1,500,HIGH,1.5,0.5,0.5,False,1,0,0.005348062423285893,0.0029808872523233304,0.0001612491175419506,0.0015096960891414213,True
phi_V500_EHIGH_z1.5_p1_s0,500,HIGH,1.5,1.0,1.0,False,0,0,0.008831581736288896,0.005828843945950721,-0.0005619828024932359,0.005795976180307472,True
phi_V500_EHIGH_z1.5_p1_s1,500,HIGH,1.5,1.0,1.0,False,1,0,0.012098895318253478,0.004208311415044713,-0.00011871157266269035,0.0014478267882084284,True
phi_V20_ELOW_z0.5_p0.5_s2,20,LOW,0.5,0.5,0.5,False,2,0,0.008635961027457922,0.014393268379096602,-0.014714241107888548,0.013171198589803756,True
phi_V20_ELOW_z1.5_p0.5_s2,20,LOW,1.5,0.5,0.5,False,2,0,0.010407440212577446,0.006421612046058456,-0.0012166170710027208,0.004701440914171795,True
phi_V20_EHIGH_z0.5_p0.5_s2,20,HIGH,0.5,0.5,0.416656494140625,True,2,1,0.017714791851195733,0.01616474756421612,-0.019801752022726327,0.012590462724603346,True
phi_V20_EHIGH_z1.5_p0.5_s2,20,HIGH,1.5,0.5,0.5,False,2,0,0.010186005314437585,0.008857395925597866,0.00474045240973732,-0.012645549463601302,True
phi_V100_ELOW_z0.5_p0.5_s2,100,LOW,0.5,0.5,0.5,False,2,0,0.01591267753813791,0.01236191478169385,-0.01155528486488322,0.013498083908148495,True
phi_V100_ELOW_z1.5_p0.5_s2,100,LOW,1.5,0.5,0.5,False,2,0,0.0056549184639663325,0.004602840610205154,0.00010871517275024695,-0.0006915100628530624,True
phi_V100_EHIGH_z0.5_p0.5_s2,100,HIGH,0.5,0.5,0.5,False,2,0,0.01025775907417159,0.007759074171488689,-0.007702727682016797,0.010371688980428173,True
phi_V100_EHIGH_z1.5_p0.5_s2,100,HIGH,1.5,0.5,0.5,False,2,0,0.008679642293529521,0.0052603892688058915,-0.0013145092936772164,0.006028015659079955,True
phi_V500_ELOW_z0.5_p0.5_s2,500,LOW,0.5,0.5,0.5,False,2,0,0.016471000525670187,0.012703697213947818,-0.00950781196437242,0.008575587219300462,True
phi_V500_ELOW_z1.5_p0.5_s2,500,LOW,1.5,0.5,0.5,False,2,0,0.00551953741019795,0.003329244787103558,0.00013010499373208688,-0.001641441952019984,True
phi_V500_EHIGH_z0.5_p0.5_s2,500,HIGH,0.5,0.5,0.418731689453125,True,2,1,0.020939197476782967,0.019975468722621348,-0.018028514654765626,0.007197728334683573,True
phi_V500_EHIGH_z1.5_p0.5_s2,500,HIGH,1.5,0.5,0.5,False,2,0,0.004555808656035998,0.002978797967408445,-0.00011034745663082452,0.0016681852808597686,True
