catalog_id,origin,source,fold,n_items,n_users,sales_hhi,sales_norm_entropy,attr_entropy,mean_history_length,headroom
olist_all,real,olist_brazilian_ecommerce,confirm,1000,299,0.011661724979397662,0.7009086458715408,0.9013647029853348,4.090301003344481,0.003322366939272213
olist_furniture_decor,real,olist_brazilian_ecommerce,confirm,1000,124,0.01345637556341902,0.6534149043440097,0.49997985212835644,3.8548387096774195,0.0003229890249968782
syn_V1000_EHIGH_z0.5_e0.2_m10_s0,synthetic,inline_fallback,screen,1000,500,0.0020513513383918804,0.9486297070899327,1.4623608488733257,10.63,-0.023256642994656615
syn_V1000_EHIGH_z0.5_e0.2_m10_s1,synthetic,inline_fallback,screen,1000,500,0.002302623727237894,0.9425750608033394,1.4731506582196416,10.462,-0.03453713269054924
syn_V1000_EHIGH_z0.5_e0.2_m10_s2,synthetic,inline_fallback,screen,1000,500,0.0021849991222789114,0.9444890435634633,1.478473488273023,10.602,-0.026115261302842092
syn_V1000_EHIGH_z0.5_e0.2_m4_s0,synthetic,inline_fallback,screen,1000,500,0.0026938185683794405,0.9153964237188438,1.4623608488733257,4.846,-0.05068536835655789
syn_V1000_EHIGH_z0.5_e0.2_m4_s1,synthetic,inline_fallback,screen,1000,500,0.0026164152184311226,0.9162743288086348,1.4731506582196416,5.002,-0.04754189245616675
syn_V1000_EHIGH_z0.5_e0.2_m4_s2,synthetic,inline_fallback,screen,1000,500,0.0024210826283139184,0.9227328863726595,1.478473488273023,5.178,-0.03624612735485685
syn_V1000_EHIGH_z0.5_e0.6_m10_s0,synthetic,inline_fallback,screen,1000,500,0.0022821741258675114,0.9445449624615637,1.4623608488733257,10.396,-0.02148331287098363
syn_V1000_EHIGH_z0.5_e0.6_m10_s1,synthetic,inline_fallback,screen,1000,500,0.002310953243943775,0.9433507589611642,1.4731506582196416,10.98,-0.028029389190526027
syn_V1000_EHIGH_z0.5_e0.6_m10_s2,synthetic,inline_fallback,screen,1000,500,0.002159994394426629,0.9469258168042831,1.478473488273023,10.716,-0.032067721290719185
syn_V1000_EHIGH_z0.5_e0.6_m4_s0,synthetic,inline_fallback,screen,1000,500,0.002502717805854518,0.9131227389837072,1.4623608488733257,4.812,-0.03423365536855985
syn_V1000_EHIGH_z0.5_e0.6_m4_s1,synthetic,inline_fallback,screen,1000,500,0.0026734621368317353,0.9106590567491676,1.4731506582196416,4.838,-0.03849768896868315
syn_V1000_EHIGH_z0.5_e0.6_m4_s2,synthetic,inline_fallback,screen,1000,500,0.002646005699662818,0.9142651586437573,1.478473488273023,4.996,-0.03968691884225001
syn_V1000_EHIGH_z1.5_e0.2_m10_s0,synthetic,inline_fallback,screen,1000,500,0.14297955853307104,0.4464902607275851,1.4623608488733257,10.63,-0.2895151408001174
syn_V1000_EHIGH_z1.5_e0.2_m10_s1,synthetic,inline_fallback,screen,1000,500,0.2124843436913085,0.3948366890529155,1.4731506582196416,10.462,-0.2627238616779056
syn_V1000_EHIGH_z1.5_e0.2_m10_s2,synthetic,inline_fallback,screen,1000,500,0.1666427547857834,0.42312866161172163,1.478473488273023,10.602,-0.2764672058171916
syn_V1000_EHIGH_z1.5_e0.2_m4_s0,synthetic,inline_fallback,screen,1000,500,0.1468172644901959,0.43500970892877266,1.4623608488733257,4.846,-0.26902758660911064
syn_V1000_EHIGH_z1.5_e0.2_m4_s1,synthetic,inline_fallback,screen,1000,500,0.21567831234056128,0.38328049868046676,1.4731506582196416,5.002,-0.27213615046509376
syn_V1000_EHIGH_z1.5_e0.2_m4_s2,synthetic,inline_fallback,screen,1000,500,0.16046118826296996,0.42402570205488477,1.478473488273023,5.178,-0.3017465835419025
syn_V1000_EHIGH_z1.5_e0.6_m10_s0,synthetic,inline_fallback,screen,1000,500,0.06991390380513225,0.5612288445821068,1.4623608488733257,10.396,-0.19536642637937315
syn_V1000_EHIGH_z1.5_e0.6_m10_s1,synthetic,inline_fallback,screen,1000,500,0.1406996238222055,0.47613839885614034,1.4731506582196416,10.98,-0.19058311827286611
syn_V1000_EHIGH_z1.5_e0.6_m10_s2,synthetic,inline_fallback,screen,1000,500,0.08720465262589806,0.523523669800713,1.478473488273023,10.716,-0.19673951195025316
syn_V1000_EHIGH_z1.5_e0.6_m4_s0,synthetic,inline_fallback,screen,1000,500,0.06691780887811997,0.5437145484885394,1.4623608488733257,4.812,-0.22321802143067043
syn_V1000_EHIGH_z1.5_e0.6_m4_s1,synthetic,inline_fallback,screen,1000,500,0.16797793939524447,0.44378298202481514,1.4731506582196416,4.838,-0.19284821650085146
syn_V1000_EHIGH_z1.5_e0.6_m4_s2,synthetic,inline_fallback,screen,1000,500,0.09423334812312562,0.4965613707586251,1.478473488273023,4.996,-0.18958663894261005
syn_V1000_ELOW_z0.5_e0.2_m10_s0,synthetic,inline_fallback,screen,1000,500,0.002300726804522652,0.9438797921057851,1.0363435602912583,10.856,-0.02939492502389074
syn_V1000_ELOW_z0.5_e0.2_m10_s1,synthetic,inline_fallback,screen,1000,500,0.002157676115933269,0.944255281641989,0.9868230951246263,10.394,-0.02656943416450015
syn_V1000_ELOW_z0.5_e0.2_m10_s2,synthetic,inline_fallback,screen,1000,500,0.0022535515105054985,0.9455003421435645,1.0429008621622746,10.696,-0.03543523045342713
syn_V1000_ELOW_z0.5_e0.2_m4_s0,synthetic,inline_fallback,screen,1000,500,0.0024562957402889845,0.91990452098665,1.0363435602912583,5.078,-0.024401251250097115
syn_V1000_ELOW_z0.5_e0.2_m4_s1,synthetic,inline_fallback,screen,1000,500,0.002365112033183439,0.9169144490375215,0.9868230951246263,4.748,-0.025155564937833736
syn_V1000_ELOW_z0.5_e0.2_m4_s2,synthetic,inline_fallback,screen,1000,500,0.002736123080851607,0.9177581606671098,1.0429008621622746,4.926,-0.04512129524953574
syn_V1000_ELOW_z0.5_e0.6_m10_s0,synthetic,inline_fallback,screen,1000,500,0.0023289854669790214,0.9441689542287907,1.0363435602912583,10.526,-0.035720671882577534
syn_V1000_ELOW_z0.5_e0.6_m10_s1,synthetic,inline_fallback,screen,1000,500,0.002097602700374776,0.9474972668037662,0.9868230951246263,10.944,-0.02583728214222757
syn_V1000_ELOW_z0.5_e0.6_m10_s2,synthetic,inline_fallback,screen,1000,500,0.002181658242528834,0.9473720186075104,1.0429008621622746,10.702,-0.03193404768638754
syn_V1000_ELOW_z0.5_e0.6_m4_s0,synthetic,inline_fallback,screen,1000,500,0.002373590318013482,0.9238452146643588,1.0363435602912583,5.09,-0.025283763221870002
syn_V1000_ELOW_z0.5_e0.6_m4_s1,synthetic,inline_fallback,screen,1000,500,0.002345852764725699,0.9246624995034785,0.9868230951246263,5.132,-0.0279387520127261
syn_V1000_ELOW_z0.5_e0.6_m4_s2,synthetic,inline_fallback,screen,1000,500,0.002825788409787488,0.9085240201291677,1.0429008621622746,4.838,-0.03638653372539542
syn_V1000_ELOW_z1.5_e0.2_m10_s0,synthetic,inline_fallback,screen,1000,500,0.1863243314811961,0.411693789331081,1.0363435602912583,10.856,-0.26360491236955186
syn_V1000_ELOW_z1.5_e0.2_m10_s1,synthetic,inline_fallback,screen,1000,500,0.1612280317738353,0.42184363832410327,0.9868230951246263,10.394,-0.28720994992520354
syn_V1000_ELOW_z1.5_e0.2_m10_s2,synthetic,inline_fallback,screen,1000,500,0.18974650916203517,0.40629133465754924,1.0429008621622746,10.696,-0.24633406668934507
syn_V1000_ELOW_z1.5_e0.2_m4_s0,synthetic,inline_fallback,screen,1000,500,0.17470504785137922,0.4131818328306583,1.0363435602912583,5.078,-0.24280270811578278
syn_V1000_ELOW_z1.5_e0.2_m4_s1,synthetic,inline_fallback,screen,1000,500,0.15614449407570663,0.4125804632065018,0.9868230951246263,4.748,-0.26105665482767015
syn_V1000_ELOW_z1.5_e0.2_m4_s2,synthetic,inline_fallback,screen,1000,500,0.1890906189153819,0.4067390548986445,1.0429008621622746,4.926,-0.2566448820924946
syn_V1000_ELOW_z1.5_e0.6_m10_s0,synthetic,inline_fallback,screen,1000,500,0.12545672673645358,0.4541301391448474,1.0363435602912583,10.526,-0.25185832752964765
syn_V1000_ELOW_z1.5_e0.6_m10_s1,synthetic,inline_fallback,screen,1000,500,0.1173636000952338,0.4569951095409907,0.9868230951246263,10.944,-0.2623462675784778
syn_V1000_ELOW_z1.5_e0.6_m10_s2,synthetic,inline_fallback,screen,1000,500,0.1766001625032016,0.4122830437449833,1.0429008621622746,10.702,-0.23170064842139312
syn_V1000_ELOW_z1.5_e0.6_m4_s0,synthetic,inline_fallback,screen,1000,500,0.1258163588142346,0.44856458227453705,1.0363435602912583,5.09,-0.2433577103742587
syn_V1000_ELOW_z1.5_e0.6_m4_s1,synthetic,inline_fallback,screen,1000,500,0.11557477207607676,0.44703126232919066,0.9868230951246263,5.132,-0.2766467870852818
syn_V1000_ELOW_z1.5_e0.6_m4_s2,synthetic,inline_fallback,screen,1000,500,0.20517231448205614,0.388286433493353,1.0429008621622746,4.838,-0.2567877059321813
syn_V100_EHIGH_z0.5_e0.2_m10_s0,synthetic,inline_fallback,screen,100,500,0.014367107096903576,0.9637075050858571,1.4674726120182722,10.63,-0.06637191269646563
syn_V100_EHIGH_z0.5_e0.2_m10_s1,synthetic,inline_fallback,screen,100,500,0.016418866715661333,0.9555869973790827,1.428269797821298,10.462,-0.07881516366046466
syn_V100_EHIGH_z0.5_e0.2_m10_s2,synthetic,inline_fallback,screen,100,500,0.015028494719350825,0.9599068340628854,1.4569011273083443,10.602,-0.06704913927297713
syn_V100_EHIGH_z0.5_e0.2_m4_s0,synthetic,inline_fallback,screen,100,500,0.015585878132033317,0.9560535965211043,1.4674726120182722,4.846,-0.06642480969470371
syn_V100_EHIGH_z0.5_e0.2_m4_s1,synthetic,inline_fallback,screen,100,500,0.01684196627869898,0.9511915271247432,1.428269797821298,5.002,-0.11265984557617315
syn_V100_EHIGH_z0.5_e0.2_m4_s2,synthetic,inline_fallback,screen,100,500,0.014829347421030712,0.9599511673285464,1.4569011273083443,5.178,-0.06820758217036696
syn_V100_EHIGH_z0.5_e0.6_m10_s0,synthetic,inline_fallback,screen,100,500,0.014216438420688024,0.963688873935223,1.4674726120182722,10.396,-0.002885267705369987
syn_V100_EHIGH_z0.5_e0.6_m10_s1,synthetic,inline_fallback,screen,100,500,0.01592631518173146,0.9561399444373362,1.428269797821298,10.98,-0.030277259254861678
syn_V100_EHIGH_z0.5_e0.6_m10_s2,synthetic,inline_fallback,screen,100,500,0.014466255491896517,0.9641556310562611,1.4569011273083443,10.716,-0.019636694342503234
syn_V100_EHIGH_z0.5_e0.6_m4_s0,synthetic,inline_fallback,screen,100,500,0.014352488768005893,0.9594174584513432,1.4674726120182722,4.812,0.002549027772407979
syn_V100_EHIGH_z0.5_e0.6_m4_s1,synthetic,inline_fallback,screen,100,500,0.01621707462815123,0.9555699272109867,1.428269797821298,4.838,-0.06445326670659415
syn_V100_EHIGH_z0.5_e0.6_m4_s2,synthetic,inline_fallback,screen,100,500,0.016187365540281058,0.9517089488561299,1.4569011273083443,4.996,-0.014136670710898492
syn_V100_EHIGH_z1.5_e0.2_m10_s0,synthetic,inline_fallback,screen,100,500,0.16015744851394625,0.5892682215685292,1.4674726120182722,10.63,-0.2620528915024504
syn_V100_EHIGH_z1.5_e0.2_m10_s1,synthetic,inline_fallback,screen,100,500,0.23835239728393667,0.5176030307659172,1.428269797821298,10.462,-0.2337160409062477
syn_V100_EHIGH_z1.5_e0.2_m10_s2,synthetic,inline_fallback,screen,100,500,0.18510905164256253,0.560605072447089,1.4569011273083443,10.602,-0.23837376551568687
syn_V100_EHIGH_z1.5_e0.2_m4_s0,synthetic,inline_fallback,screen,100,500,0.16505909026733884,0.5821162365691148,1.4674726120182722,4.846,-0.22518597307509483
syn_V100_EHIGH_z1.5_e0.2_m4_s1,synthetic,inline_fallback,screen,100,500,0.24102907764668366,0.5105453704811768,1.428269797821298,5.002,-0.24127924081784222
syn_V100_EHIGH_z1.5_e0.2_m4_s2,synthetic,inline_fallback,screen,100,500,0.18026422508626955,0.5664373527658696,1.4569011273083443,5.178,-0.24022785742756098
syn_V100_EHIGH_z1.5_e0.6_m10_s0,synthetic,inline_fallback,screen,100,500,0.0800987826986939,0.7279301660952614,1.4674726120182722,10.396,-0.17912375878478412
syn_V100_EHIGH_z1.5_e0.6_m10_s1,synthetic,inline_fallback,screen,100,500,0.15970306575563778,0.6199073012766608,1.428269797821298,10.98,-0.15241146310805753
syn_V100_EHIGH_z1.5_e0.6_m10_s2,synthetic,inline_fallback,screen,100,500,0.10015495832345646,0.6811918899796485,1.4569011273083443,10.716,-0.16676190230011959
syn_V100_EHIGH_z1.5_e0.6_m4_s0,synthetic,inline_fallback,screen,100,500,0.07753683640526714,0.7184948594153292,1.4674726120182722,4.812,-0.18239716493799793
syn_V100_EHIGH_z1.5_e0.6_m4_s1,synthetic,inline_fallback,screen,100,500,0.18780381780890495,0.5894449273626783,1.428269797821298,4.838,-0.16362307139149823
syn_V100_EHIGH_z1.5_e0.6_m4_s2,synthetic,inline_fallback,screen,100,500,0.10749569045337547,0.6610110387678416,1.4569011273083443,4.996,-0.15770173008908261
syn_V100_ELOW_z0.5_e0.2_m10_s0,synthetic,inline_fallback,screen,100,500,0.015552220078965626,0.9578114852925192,1.0248982479868867,10.856,-0.08312511346935843
syn_V100_ELOW_z0.5_e0.2_m10_s1,synthetic,inline_fallback,screen,100,500,0.015031746569696317,0.9591437109897277,0.9853300262865249,10.394,-0.06667984270060842
syn_V100_ELOW_z0.5_e0.2_m10_s2,synthetic,inline_fallback,screen,100,500,0.015185109032407806,0.9607743409829622,1.0416660587776103,10.696,-0.08226060333316357
syn_V100_ELOW_z0.5_e0.2_m4_s0,synthetic,inline_fallback,screen,100,500,0.015406417714392946,0.9592331138929553,1.0248982479868867,5.078,-0.07460956083820974
syn_V100_ELOW_z0.5_e0.2_m4_s1,synthetic,inline_fallback,screen,100,500,0.014812739577056984,0.9585972274614859,0.9853300262865249,4.748,-0.07705083755558162
syn_V100_ELOW_z0.5_e0.2_m4_s2,synthetic,inline_fallback,screen,100,500,0.016080947365061122,0.9559097686682946,1.0416660587776103,4.926,-0.07669446352187165
syn_V100_ELOW_z0.5_e0.6_m10_s0,synthetic,inline_fallback,screen,100,500,0.01518368739270422,0.9615249074572002,1.0248982479868867,10.526,-0.05376296449303447
syn_V100_ELOW_z0.5_e0.6_m10_s1,synthetic,inline_fallback,screen,100,500,0.014682299657397303,0.960882987798122,0.9853300262865249,10.944,-0.05726790518751098
syn_V100_ELOW_z0.5_e0.6_m10_s2,synthetic,inline_fallback,screen,100,500,0.015079150762489196,0.9618510767615437,1.0416660587776103,10.702,-0.07192561282595192
syn_V100_ELOW_z0.5_e0.6_m4_s0,synthetic,inline_fallback,screen,100,500,0.014966863488645014,0.959502380302071,1.0248982479868867,5.09,-0.06462815239707506
syn_V100_ELOW_z0.5_e0.6_m4_s1,synthetic,inline_fallback,screen,100,500,0.014844546904730326,0.9576358918502924,0.9853300262865249,5.132,-0.06693373754269832
syn_V100_ELOW_z0.5_e0.6_m4_s2,synthetic,inline_fallback,screen,100,500,0.0170392784252116,0.9471909454664148,1.0416660587776103,4.838,-0.0845986057079687
syn_V100_ELOW_z1.5_e0.2_m10_s0,synthetic,inline_fallback,screen,100,500,0.20453535139681336,0.545326369597432,1.0248982479868867,10.856,-0.23625362858377835
syn_V100_ELOW_z1.5_e0.2_m10_s1,synthetic,inline_fallback,screen,100,500,0.18235198036062428,0.5563869699180097,0.9853300262865249,10.394,-0.28491575569391114
syn_V100_ELOW_z1.5_e0.2_m10_s2,synthetic,inline_fallback,screen,100,500,0.2116431568597048,0.5358388033180828,1.0416660587776103,10.696,-0.2501709228523773
syn_V100_ELOW_z1.5_e0.2_m4_s0,synthetic,inline_fallback,screen,100,500,0.1934348658284856,0.5531697113446106,1.0248982479868867,5.078,-0.23580784341187191
syn_V100_ELOW_z1.5_e0.2_m4_s1,synthetic,inline_fallback,screen,100,500,0.17634162279690288,0.552179214804126,0.9853300262865249,4.748,-0.28647975707335427
syn_V100_ELOW_z1.5_e0.2_m4_s2,synthetic,inline_fallback,screen,100,500,0.21331482013469943,0.5403889785311116,1.0416660587776103,4.926,-0.22629887824462774
syn_V100_ELOW_z1.5_e0.6_m10_s0,synthetic,inline_fallback,screen,100,500,0.14054773705394186,0.6020900548201495,1.0248982479868867,10.526,-0.2102954192404482
syn_V100_ELOW_z1.5_e0.6_m10_s1,synthetic,inline_fallback,screen,100,500,0.1331237147802682,0.6032356084167824,0.9853300262865249,10.944,-0.26050833801389767
syn_V100_ELOW_z1.5_e0.6_m10_s2,synthetic,inline_fallback,screen,100,500,0.19432922342847217,0.546172891083913,1.0416660587776103,10.702,-0.2199885080687313
syn_V100_ELOW_z1.5_e0.6_m4_s0,synthetic,inline_fallback,screen,100,500,0.14190617606712605,0.6006660835673863,1.0248982479868867,5.09,-0.21834927798482645
syn_V100_ELOW_z1.5_e0.6_m4_s1,synthetic,inline_fallback,screen,100,500,0.1321853112172493,0.5967321839598569,0.9853300262865249,5.132,-0.2663713048082485
syn_V100_ELOW_z1.5_e0.6_m4_s2,synthetic,inline_fallback,screen,100,500,0.22275222831049926,0.5196656140026298,1.0416660587776103,4.838,-0.207424781028007
syn_V20_EHIGH_z0.5_e0.2_m10_s0,synthetic,inline_fallback,screen,20,500,0.0582104401079398,0.9755755428040398,1.429602257963836,10.63,-0.10957343617974331
syn_V20_EHIGH_z0.5_e0.2_m10_s1,synthetic,inline_fallback,screen,20,500,0.06909127455229554,0.9512881065964386,1.4801799190446365,10.462,-0.09756511260119981
syn_V20_EHIGH_z0.5_e0.2_m10_s2,synthetic,inline_fallback,screen,20,500,0.06117826160299537,0.9679925687037053,1.4706483074842378,10.602,-0.10524899342208738
syn_V20_EHIGH_z0.5_e0.2_m4_s0,synthetic,inline_fallback,screen,20,500,0.05986230265179514,0.971215466239037,1.429602257963836,4.846,-0.1144388912677489
syn_V20_EHIGH_z0.5_e0.2_m4_s1,synthetic,inline_fallback,screen,20,500,0.068115234375,0.9507064005914169,1.4801799190446365,5.002,-0.0940557897936279
syn_V20_EHIGH_z0.5_e0.2_m4_s2,synthetic,inline_fallback,screen,20,500,0.059853869751869314,0.9710476287883107,1.4706483074842378,5.178,-0.07435130916068408
syn_V20_EHIGH_z0.5_e0.6_m10_s0,synthetic,inline_fallback,screen,20,500,0.06092905327449233,0.9634306096296,1.429602257963836,10.396,-0.03133653959358558
syn_V20_EHIGH_z0.5_e0.6_m10_s1,synthetic,inline_fallback,screen,20,500,0.0706550380421383,0.9472215389761144,1.4801799190446365,10.98,-0.10086880331536074
syn_V20_EHIGH_z0.5_e0.6_m10_s2,synthetic,inline_fallback,screen,20,500,0.05773901583425393,0.9756765763610737,1.4706483074842378,10.716,-0.061391092494326546
syn_V20_EHIGH_z0.5_e0.6_m4_s0,synthetic,inline_fallback,screen,20,500,0.05978829288807587,0.9671287332861457,1.429602257963836,4.812,-0.053716265422118735
syn_V20_EHIGH_z0.5_e0.6_m4_s1,synthetic,inline_fallback,screen,20,500,0.07685480267655752,0.9354732675896842,1.4801799190446365,4.838,-0.109339573487124
syn_V20_EHIGH_z0.5_e0.6_m4_s2,synthetic,inline_fallback,screen,20,500,0.061876016798221245,0.9636897843060285,1.4706483074842378,4.996,-0.04464692819879486
syn_V20_EHIGH_z1.5_e0.2_m10_s0,synthetic,inline_fallback,screen,20,500,0.20067486952277752,0.7173266583422697,1.429602257963836,10.63,-0.2190969272988148
syn_V20_EHIGH_z1.5_e0.2_m10_s1,synthetic,inline_fallback,screen,20,500,0.29143321964058017,0.6232872947804228,1.4801799190446365,10.462,-0.1918193434739018
syn_V20_EHIGH_z1.5_e0.2_m10_s2,synthetic,inline_fallback,screen,20,500,0.2287055927604292,0.6840947970853206,1.4706483074842378,10.602,-0.22936663825886178
syn_V20_EHIGH_z1.5_e0.2_m4_s0,synthetic,inline_fallback,screen,20,500,0.20525276349774516,0.7108196205601309,1.429602257963836,4.846,-0.19402989530644296
syn_V20_EHIGH_z1.5_e0.2_m4_s1,synthetic,inline_fallback,screen,20,500,0.29513176120057405,0.6168287952297881,1.4801799190446365,5.002,-0.19761535292482849
syn_V20_EHIGH_z1.5_e0.2_m4_s2,synthetic,inline_fallback,screen,20,500,0.2216747177134181,0.6920286043152956,1.4706483074842378,5.178,-0.23627124755001164
syn_V20_EHIGH_z1.5_e0.6_m10_s0,synthetic,inline_fallback,screen,20,500,0.11377803830022812,0.8343604808821179,1.429602257963836,10.396,-0.13244159095676086
syn_V20_EHIGH_z1.5_e0.6_m10_s1,synthetic,inline_fallback,screen,20,500,0.21800843824080068,0.7219557492209042,1.4801799190446365,10.98,-0.12280314956912611
syn_V20_EHIGH_z1.5_e0.6_m10_s2,synthetic,inline_fallback,screen,20,500,0.13165410630612095,0.8139648670779559,1.4706483074842378,10.716,-0.14340403074319977
syn_V20_EHIGH_z1.5_e0.6_m4_s0,synthetic,inline_fallback,screen,20,500,0.11018967604853705,0.8430307541308217,1.429602257963836,4.812,-0.12338039112453736
syn_V20_EHIGH_z1.5_e0.6_m4_s1,synthetic,inline_fallback,screen,20,500,0.2516291094470852,0.6879183772977719,1.4801799190446365,4.838,-0.09910684848618775
syn_V20_EHIGH_z1.5_e0.6_m4_s2,synthetic,inline_fallback,screen,20,500,0.13744004852046143,0.8051787000208425,1.4706483074842378,4.996,-0.13492715730483656
syn_V20_ELOW_z0.5_e0.2_m10_s0,synthetic,inline_fallback,screen,20,500,0.06337886853922542,0.96247128942406,1.056079341685496,10.856,-0.0996584990443535
syn_V20_ELOW_z0.5_e0.2_m10_s1,synthetic,inline_fallback,screen,20,500,0.06109262119361598,0.9678308008178768,0.9516507919534823,10.394,-0.09384711514554353
syn_V20_ELOW_z0.5_e0.2_m10_s2,synthetic,inline_fallback,screen,20,500,0.06251342259580243,0.9652511094150578,1.0215795301286927,10.696,-0.10204090311872835
syn_V20_ELOW_z0.5_e0.2_m4_s0,synthetic,inline_fallback,screen,20,500,0.06171184087070745,0.9671045233572783,1.056079341685496,5.078,-0.08349769217945129
syn_V20_ELOW_z0.5_e0.2_m4_s1,synthetic,inline_fallback,screen,20,500,0.05991279892291285,0.970016033918349,0.9516507919534823,4.748,-0.08540086635925925
syn_V20_ELOW_z0.5_e0.2_m4_s2,synthetic,inline_fallback,screen,20,500,0.06341855788566504,0.9645424881309775,1.0215795301286927,4.926,-0.09438135007075714
syn_V20_ELOW_z0.5_e0.6_m10_s0,synthetic,inline_fallback,screen,20,500,0.060639337558438304,0.9684430933974202,1.056079341685496,10.526,-0.03229659635374023
syn_V20_ELOW_z0.5_e0.6_m10_s1,synthetic,inline_fallback,screen,20,500,0.05876838145735298,0.9739523781040388,0.9516507919534823,10.944,-0.07546648212713936
syn_V20_ELOW_z0.5_e0.6_m10_s2,synthetic,inline_fallback,screen,20,500,0.06252548105840042,0.9654433029680561,1.0215795301286927,10.702,-0.08551442596943623
syn_V20_ELOW_z0.5_e0.6_m4_s0,synthetic,inline_fallback,screen,20,500,0.06104457617498673,0.9671326542536364,1.056079341685496,5.09,-0.06658615575559765
syn_V20_ELOW_z0.5_e0.6_m4_s1,synthetic,inline_fallback,screen,20,500,0.05881945561191133,0.9725218932293467,0.9516507919534823,5.132,-0.07560099961868681
syn_V20_ELOW_z0.5_e0.6_m4_s2,synthetic,inline_fallback,screen,20,500,0.06712401165616667,0.9544650544452419,1.0215795301286927,4.838,-0.07777308657907106
syn_V20_ELOW_z1.5_e0.2_m10_s0,synthetic,inline_fallback,screen,20,500,0.2516479471070659,0.6600546993101083,1.056079341685496,10.856,-0.21888465311565614
syn_V20_ELOW_z1.5_e0.2_m10_s1,synthetic,inline_fallback,screen,20,500,0.22609872027573405,0.6782617471060908,0.9516507919534823,10.394,-0.20040321366460062
syn_V20_ELOW_z1.5_e0.2_m10_s2,synthetic,inline_fallback,screen,20,500,0.26336421052023334,0.6454586511783662,1.0215795301286927,10.696,-0.226586414452374
syn_V20_ELOW_z1.5_e0.2_m4_s0,synthetic,inline_fallback,screen,20,500,0.236398573841246,0.6730759890009441,1.056079341685496,5.078,-0.23210295265366399
syn_V20_ELOW_z1.5_e0.2_m4_s1,synthetic,inline_fallback,screen,20,500,0.2212784025393467,0.6771979493288797,0.9516507919534823,4.748,-0.24686053723635704
syn_V20_ELOW_z1.5_e0.2_m4_s2,synthetic,inline_fallback,screen,20,500,0.26437103003606877,0.6519828175137726,1.0215795301286927,4.926,-0.21186838730194418
syn_V20_ELOW_z1.5_e0.6_m10_s0,synthetic,inline_fallback,screen,20,500,0.17242715914431522,0.7407196997618756,1.056079341685496,10.526,-0.18427376783477817
syn_V20_ELOW_z1.5_e0.6_m10_s1,synthetic,inline_fallback,screen,20,500,0.16604429934669238,0.7451173477054628,0.9516507919534823,10.944,-0.18000373545255705
syn_V20_ELOW_z1.5_e0.6_m10_s2,synthetic,inline_fallback,screen,20,500,0.24053579531119745,0.6629775872665278,1.0215795301286927,10.702,-0.18064264702856225
syn_V20_ELOW_z1.5_e0.6_m4_s0,synthetic,inline_fallback,screen,20,500,0.17418521861882938,0.7396772638187283,1.056079341685496,5.09,-0.1888725316223966
syn_V20_ELOW_z1.5_e0.6_m4_s1,synthetic,inline_fallback,screen,20,500,0.16797996077137883,0.7392680076879026,0.9516507919534823,5.132,-0.17018801731422933
syn_V20_ELOW_z1.5_e0.6_m4_s2,synthetic,inline_fallback,screen,20,500,0.27316909020661706,0.6310818859369564,1.0215795301286927,4.838,-0.20132645480950268
syn_V500_EHIGH_z0.5_e0.2_m10_s0,synthetic,inline_fallback,screen,500,500,0.00357543430750216,0.9571955402385361,1.4583252317220516,10.63,-0.03166166007251175
syn_V500_EHIGH_z0.5_e0.2_m10_s1,synthetic,inline_fallback,screen,500,500,0.004084396454796138,0.9505932421109997,1.4857688279220929,10.462,-0.04943094680588397
syn_V500_EHIGH_z0.5_e0.2_m10_s2,synthetic,inline_fallback,screen,500,500,0.0038696849825961494,0.9518905119276728,1.4717217688295179,10.602,-0.035131625387979884
syn_V500_EHIGH_z0.5_e0.2_m4_s0,synthetic,inline_fallback,screen,500,500,0.0043853864744329745,0.9359753753336603,1.4583252317220516,4.846,-0.04309325162886471
syn_V500_EHIGH_z0.5_e0.2_m4_s1,synthetic,inline_fallback,screen,500,500,0.004395154057716837,0.9364241439061183,1.4857688279220929,5.002,-0.06596124583218513
syn_V500_EHIGH_z0.5_e0.2_m4_s2,synthetic,inline_fallback,screen,500,500,0.003976874824778687,0.9418482006292229,1.4717217688295179,5.178,-0.03287493290501612
syn_V500_EHIGH_z0.5_e0.6_m10_s0,synthetic,inline_fallback,screen,500,500,0.0038774297733613385,0.9531657375941613,1.4583252317220516,10.396,-0.02984299353804032
syn_V500_EHIGH_z0.5_e0.6_m10_s1,synthetic,inline_fallback,screen,500,500,0.0040676569357067675,0.9495380931268078,1.4857688279220929,10.98,-0.029319160890380214
syn_V500_EHIGH_z0.5_e0.6_m10_s2,synthetic,inline_fallback,screen,500,500,0.0038192441122844056,0.9545650695648262,1.4717217688295179,10.716,-0.04091553801995677
syn_V500_EHIGH_z0.5_e0.6_m4_s0,synthetic,inline_fallback,screen,500,500,0.003978098126878585,0.9378424233181769,1.4583252317220516,4.812,-0.03021761908837627
syn_V500_EHIGH_z0.5_e0.6_m4_s1,synthetic,inline_fallback,screen,500,500,0.004367170719365206,0.9341568364701891,1.4857688279220929,4.838,-0.05407583462859407
syn_V500_EHIGH_z0.5_e0.6_m4_s2,synthetic,inline_fallback,screen,500,500,0.004510886654263126,0.9345185478121028,1.4717217688295179,4.996,-0.046027216341189656
syn_V500_EHIGH_z1.5_e0.2_m10_s0,synthetic,inline_fallback,screen,500,500,0.145923205519766,0.48469848774123103,1.4583252317220516,10.63,-0.2810057854376311
syn_V500_EHIGH_z1.5_e0.2_m10_s1,synthetic,inline_fallback,screen,500,500,0.21720114823399356,0.42901635438743285,1.4857688279220929,10.462,-0.2596910723740331
syn_V500_EHIGH_z1.5_e0.2_m10_s2,synthetic,inline_fallback,screen,500,500,0.17012952323218775,0.459899140527669,1.4717217688295179,10.602,-0.26712017043619624
syn_V500_EHIGH_z1.5_e0.2_m4_s0,synthetic,inline_fallback,screen,500,500,0.15181755516614204,0.4736766566171139,1.4583252317220516,4.846,-0.2721252284661359
syn_V500_EHIGH_z1.5_e0.2_m4_s1,synthetic,inline_fallback,screen,500,500,0.22043594048947707,0.41708963646836433,1.4857688279220929,5.002,-0.2670183082628007
syn_V500_EHIGH_z1.5_e0.2_m4_s2,synthetic,inline_fallback,screen,500,500,0.16452401527064556,0.4623208861904535,1.4717217688295179,5.178,-0.3041899941767291
syn_V500_EHIGH_z1.5_e0.6_m10_s0,synthetic,inline_fallback,screen,500,500,0.07139718050466828,0.6086098272799073,1.4583252317220516,10.396,-0.20005722845063892
syn_V500_EHIGH_z1.5_e0.6_m10_s1,synthetic,inline_fallback,screen,500,500,0.14333343041074134,0.5174674031729178,1.4857688279220929,10.98,-0.1875762189704911
syn_V500_EHIGH_z1.5_e0.6_m10_s2,synthetic,inline_fallback,screen,500,500,0.0890973088775287,0.5690801317188182,1.4717217688295179,10.716,-0.1964260682342504
syn_V500_EHIGH_z1.5_e0.6_m4_s0,synthetic,inline_fallback,screen,500,500,0.06869692375987654,0.5913886068578026,1.4583252317220516,4.812,-0.2254658788710898
syn_V500_EHIGH_z1.5_e0.6_m4_s1,synthetic,inline_fallback,screen,500,500,0.1745260038436486,0.4826176446283597,1.4857688279220929,4.838,-0.1779007706225961
syn_V500_EHIGH_z1.5_e0.6_m4_s2,synthetic,inline_fallback,screen,500,500,0.09683896153286872,0.5412132845468044,1.4717217688295179,4.996,-0.1897403238374308
syn_V500_ELOW_z0.5_e0.2_m10_s0,synthetic,inline_fallback,screen,500,500,0.003970028624327952,0.9524090112213125,1.0421211697315256,10.856,-0.03238392049422053
syn_V500_ELOW_z0.5_e0.2_m10_s1,synthetic,inline_fallback,screen,500,500,0.0037646893341361817,0.9533179962791792,0.9827106298396608,10.394,-0.029527539444224326
syn_V500_ELOW_z0.5_e0.2_m10_s2,synthetic,inline_fallback,screen,500,500,0.003938177570228466,0.9530232930988483,1.0439185999492937,10.696,-0.046835938210350946
syn_V500_ELOW_z0.5_e0.2_m4_s0,synthetic,inline_fallback,screen,500,500,0.004153875023456558,0.9390162731212544,1.0421211697315256,5.078,-0.025395535095031507
syn_V500_ELOW_z0.5_e0.2_m4_s1,synthetic,inline_fallback,screen,500,500,0.0038925438787767567,0.9398933223848585,0.9827106298396608,4.748,-0.032175247509323476
syn_V500_ELOW_z0.5_e0.2_m4_s2,synthetic,inline_fallback,screen,500,500,0.0045197740112994335,0.9359362363673107,1.0439185999492937,4.926,-0.055742909192000624
syn_V500_ELOW_z0.5_e0.6_m10_s0,synthetic,inline_fallback,screen,500,500,0.004036580779072957,0.9524613095484534,1.0421211697315256,10.526,-0.04317297931078815
syn_V500_ELOW_z0.5_e0.6_m10_s1,synthetic,inline_fallback,screen,500,500,0.0036697418483631456,0.9552049405136497,0.9827106298396608,10.944,-0.04102345814546741
syn_V500_ELOW_z0.5_e0.6_m10_s2,synthetic,inline_fallback,screen,500,500,0.0037684386934128643,0.9552444412450669,1.0439185999492937,10.702,-0.037352073433509145
syn_V500_ELOW_z0.5_e0.6_m4_s0,synthetic,inline_fallback,screen,500,500,0.00400697761146276,0.9407615697273798,1.0421211697315256,5.09,-0.023532596363786944
syn_V500_ELOW_z0.5_e0.6_m4_s1,synthetic,inline_fallback,screen,500,500,0.0039005597884330737,0.9432697643281793,0.9827106298396608,5.132,-0.020618216108667188
syn_V500_ELOW_z0.5_e0.6_m4_s2,synthetic,inline_fallback,screen,500,500,0.004804412932268322,0.9276956767802311,1.0439185999492937,4.838,-0.0542907711521841
syn_V500_ELOW_z1.5_e0.2_m10_s0,synthetic,inline_fallback,screen,500,500,0.18896307038961052,0.44825880552225794,1.0421211697315256,10.856,-0.26788733743394005
syn_V500_ELOW_z1.5_e0.2_m10_s1,synthetic,inline_fallback,screen,500,500,0.16525760499607448,0.45797956299201875,0.9827106298396608,10.394,-0.2853978269005924
syn_V500_ELOW_z1.5_e0.2_m10_s2,synthetic,inline_fallback,screen,500,500,0.19336109984870384,0.44146419800617487,1.0439185999492937,10.696,-0.24493095813430238
syn_V500_ELOW_z1.5_e0.2_m4_s0,synthetic,inline_fallback,screen,500,500,0.17789964346031145,0.4497484477796955,1.0421211697315256,5.078,-0.25186855394633717
syn_V500_ELOW_z1.5_e0.2_m4_s1,synthetic,inline_fallback,screen,500,500,0.15880022984744172,0.44961527632425624,0.9827106298396608,4.748,-0.2770820452683226
syn_V500_ELOW_z1.5_e0.2_m4_s2,synthetic,inline_fallback,screen,500,500,0.19388489897539019,0.44288838849253065,1.0439185999492937,4.926,-0.24362705587924105
syn_V500_ELOW_z1.5_e0.6_m10_s0,synthetic,inline_fallback,screen,500,500,0.1283136172334855,0.4929704864648597,1.0421211697315256,10.526,-0.25495685956118663
syn_V500_ELOW_z1.5_e0.6_m10_s1,synthetic,inline_fallback,screen,500,500,0.1204501957532709,0.4971859135899394,0.9827106298396608,10.944,-0.2479896378367815
syn_V500_ELOW_z1.5_e0.6_m10_s2,synthetic,inline_fallback,screen,500,500,0.17934132483277235,0.4484082250082942,1.0439185999492937,10.702,-0.23465081906702306
syn_V500_ELOW_z1.5_e0.6_m4_s0,synthetic,inline_fallback,screen,500,500,0.1273396234220833,0.4915026234799598,1.0421211697315256,5.09,-0.24866431269977865
syn_V500_ELOW_z1.5_e0.6_m4_s1,synthetic,inline_fallback,screen,500,500,0.11896942116068358,0.485790926456895,0.9827106298396608,5.132,-0.28112838125008077
syn_V500_ELOW_z1.5_e0.6_m4_s2,synthetic,inline_fallback,screen,500,500,0.20840939001168515,0.42157317801275573,1.0439185999492937,4.838,-0.2641876802664161
synth_attr_hetero_s0,synthetic,latent_intent_model,screen,200,1000,0.051585075326148574,0.745207680327275,0.8539489271851337,13.986,-0.21830454311923866
synth_attr_many_s0,synthetic,latent_intent_model,confirm,200,1000,0.07663534162160225,0.7127325092002509,0.8559807496474113,13.986,-0.20204946296396367
synth_hist_long_s0,synthetic,latent_intent_model,screen,200,1000,0.027607517523875767,0.830022195445053,0.9050161277006503,23.899,-0.16371106496894233
synth_hist_short_s0,synthetic,latent_intent_model,confirm,200,1000,0.029880779541714288,0.8246769455645478,0.9050161277006503,7.968,-0.15400820095096274
synth_stick_low_s0,synthetic,latent_intent_model,confirm,200,1000,0.02916281625229967,0.8239208648549025,0.9050161277006503,13.986,-0.16685037062199465
synth_tstat_s0,synthetic,latent_intent_model,screen,200,1000,0.04750448430518268,0.7812025919265068,0.9050161277006503,13.986,-0.18980759344669937
synth_v1000_s0,synthetic,latent_intent_model,confirm,1000,1000,0.022878014535937227,0.7363560086381353,0.875912633524919,14.014,-0.16127930995259512
synth_v1000_s1,synthetic,latent_intent_model,screen,1000,1000,0.025432334294177326,0.7299631358496287,0.8767363396033773,13.965,-0.14839524210980554
synth_v1000_s2,synthetic,latent_intent_model,screen,1000,1000,0.015812302772394038,0.7832217017652395,0.8758481964232259,14.139,-0.12257444277711534
synth_v200_s0,synthetic,latent_intent_model,screen,200,1000,0.029597035891445637,0.8238657019464158,0.9050161277006503,13.986,-0.16474678473543256
synth_v200_s1,synthetic,latent_intent_model,confirm,200,1000,0.0354997765059164,0.7900296085871649,0.8572898253359269,14.023,-0.17596767056342394
synth_v200_s2,synthetic,latent_intent_model,confirm,200,1000,0.08052341518414935,0.682707945974915,0.851295081972647,13.961,-0.2319262062575937
synth_v200_s3,synthetic,latent_intent_model,screen,200,1000,0.0637643264061223,0.7322741250426985,0.8672854232225895,14.132,-0.20658105914849792
synth_v20_s0,synthetic,latent_intent_model,screen,20,600,0.2004784808029571,0.7249845540461995,0.8945974561808799,13.983333333333333,-0.18633918350795242
synth_v50_s0,synthetic,latent_intent_model,screen,50,600,0.08917583735808596,0.7776974267442153,0.8689503619722463,13.983333333333333,-0.21337889261579274
synth_zipf05_s0,synthetic,latent_intent_model,screen,200,1000,0.2983668503566602,0.36964860456958715,0.9050161277006503,13.986,-0.24797727041365042
synth_zipf15_s0,synthetic,latent_intent_model,screen,200,1000,0.011756918189951858,0.9196302020368842,0.9050161277006503,13.986,-0.06544910400239179
synth_zipf20_s0,synthetic,latent_intent_model,confirm,200,1000,0.009892564038843235,0.9394721347088897,0.9050161277006503,13.986,-0.046912674137041484
synth_zipf20_s1,synthetic,latent_intent_model,confirm,200,1000,0.011627249926451713,0.919829366330262,0.8572898253359269,14.023,-0.05531043016082671
uci_retail_1_lights,real,uci_online_retail_1,confirm,144,13,0.12757396449704145,0.46218441906287155,0.4906356217545843,6.538461538461538,-0.15863266434927145
uci_retail_2_lights,real,uci_online_retail_2,confirm,160,30,0.09644970414201183,0.5354176644201523,0.48965094166802575,5.833333333333333,-0.06530891167961471
